order_id,order_date,customer_id,region,customer_segment,product_id,product_name,category,quantity,discount,revenue,cost,profit
O00001,2025-05-06,C0058,South,Small Business,P002,Wireless Headphones,Electronics,1,0.1,85.5,55,30.5
O00002,2025-08-05,C0009,North,Consumer,P002,Wireless Headphones,Electronics,2,0.2,152.0,110,42.0
O00003,2025-11-05,C0007,South,Small Business,P004,Standing Desk,Furniture,4,0.2,992.0,760,232.0
O00004,2025-10-29,C0072,North,Consumer,P007,Monitor 27,Electronics,4,0.15,952.0,720,232.0
O00005,2025-03-21,C0056,East,Consumer,P007,Monitor 27,Electronics,6,0.1,1512.0,1080,432.0
O00006,2025-07-03,C0217,East,Small Business,P002,Wireless Headphones,Electronics,7,0,665,385,280
O00007,2025-10-02,C0032,West,Consumer,P005,Smartphone X,Electronics,1,0.15,552.5,420,132.5
O00008,2025-04-09,C0181,North,Consumer,P005,Smartphone X,Electronics,6,0.2,3120.0,2520,600.0
O00009,2025-04-30,C0222,North,Corporate,P004,Standing Desk,Furniture,5,0,1550,950,600
O00010,2025-03-25,C0095,East,Consumer,P005,Smartphone X,Electronics,8,0.1,4680.0,3360,1320.0
O00011,2025-11-22,C0044,South,Consumer,P005,Smartphone X,Electronics,2,0.2,1040.0,840,200.0
O00012,2025-11-24,C0177,South,Small Business,P008,Desk Lamp,Furniture,7,0.1,252.0,154,98.0
O00013,2025-01-17,C0207,East,Corporate,P006,Backpack,Accessories,1,0.05,47.5,25,22.5
O00014,2025-10-18,C0225,East,Consumer,P005,Smartphone X,Electronics,2,0.05,1235.0,840,395.0
O00015,2025-03-15,C0068,South,Consumer,P008,Desk Lamp,Furniture,7,0.15,238.0,154,84.0
O00016,2025-07-24,C0093,South,Consumer,P005,Smartphone X,Electronics,7,0.2,3640.0,2940,700.0
O00017,2025-02-26,C0040,South,Small Business,P008,Desk Lamp,Furniture,2,0,80,44,36
O00018,2025-07-15,C0153,West,Small Business,P007,Monitor 27,Electronics,2,0.15,476.0,360,116.0
O00019,2025-12-16,C0227,East,Small Business,P005,Smartphone X,Electronics,1,0,650,420,230
O00020,2025-08-11,C0041,West,Consumer,P006,Backpack,Accessories,2,0.1,90.0,50,40.0
O00021,2025-02-24,C0223,East,Small Business,P005,Smartphone X,Electronics,3,0.2,1560.0,1260,300.0
O00022,2025-03-24,C0139,North,Small Business,P004,Standing Desk,Furniture,3,0.1,837.0,570,267.0
O00023,2025-02-27,C0238,East,Corporate,P006,Backpack,Accessories,8,0,400,200,200
O00024,2025-10-18,C0243,North,Consumer,P004,Standing Desk,Furniture,1,0.05,294.5,190,104.5
O00025,2025-03-06,C0033,West,Small Business,P008,Desk Lamp,Furniture,2,0.2,64.0,44,20.0
O00026,2025-11-07,C0109,South,Small Business,P003,Office Chair,Furniture,5,0.2,720.0,550,170.0
O00027,2025-12-10,C0167,East,Corporate,P004,Standing Desk,Furniture,5,0.15,1317.5,950,367.5
O00028,2025-04-26,C0017,East,Consumer,P008,Desk Lamp,Furniture,2,0.05,76.0,44,32.0
O00029,2025-02-06,C0182,North,Consumer,P004,Standing Desk,Furniture,4,0,1240,760,480
O00030,2025-02-06,C0132,South,Corporate,P002,Wireless Headphones,Electronics,1,0.1,85.5,55,30.5
O00031,2025-03-09,C0186,West,Consumer,P008,Desk Lamp,Furniture,4,0.2,128.0,88,40.0
O00032,2025-02-18,C0025,West,Corporate,P008,Desk Lamp,Furniture,7,0.05,266.0,154,112.0
O00033,2025-01-28,C0173,North,Consumer,P007,Monitor 27,Electronics,7,0.15,1666.0,1260,406.0
O00034,2025-05-08,C0050,South,Small Business,P007,Monitor 27,Electronics,6,0,1680,1080,600
O00035,2025-04-04,C0072,West,Consumer,P008,Desk Lamp,Furniture,3,0.15,102.0,66,36.0
O00036,2025-02-20,C0013,North,Consumer,P002,Wireless Headphones,Electronics,8,0.2,608.0,440,168.0
O00037,2025-09-06,C0124,South,Corporate,P004,Standing Desk,Furniture,3,0.15,790.5,570,220.5
O00038,2025-01-02,C0100,East,Corporate,P001,Laptop Pro 14,Electronics,3,0.15,3060.0,2550,510.0
O00039,2025-12-05,C0184,West,Consumer,P005,Smartphone X,Electronics,7,0.2,3640.0,2940,700.0
O00040,2025-01-30,C0149,North,Small Business,P004,Standing Desk,Furniture,5,0.05,1472.5,950,522.5
O00041,2025-10-27,C0123,South,Consumer,P006,Backpack,Accessories,1,0,50,25,25
O00042,2025-11-01,C0018,South,Corporate,P002,Wireless Headphones,Electronics,3,0,285,165,120
O00043,2025-11-01,C0011,North,Corporate,P002,Wireless Headphones,Electronics,4,0.2,304.0,220,84.0
O00044,2025-12-09,C0184,East,Consumer,P006,Backpack,Accessories,5,0.05,237.5,125,112.5
O00045,2025-12-10,C0166,East,Corporate,P005,Smartphone X,Electronics,7,0.05,4322.5,2940,1382.5
O00046,2025-08-23,C0160,North,Consumer,P006,Backpack,Accessories,2,0,100,50,50
O00047,2025-06-28,C0226,North,Consumer,P004,Standing Desk,Furniture,5,0.05,1472.5,950,522.5
O00048,2025-08-13,C0214,East,Small Business,P006,Backpack,Accessories,5,0.05,237.5,125,112.5
O00049,2025-03-10,C0068,North,Consumer,P001,Laptop Pro 14,Electronics,5,0,6000,4250,1750
O00050,2025-11-06,C0054,East,Consumer,P003,Office Chair,Furniture,5,0.1,810.0,550,260.0
O00051,2025-01-27,C0024,West,Corporate,P005,Smartphone X,Electronics,8,0.1,4680.0,3360,1320.0
O00052,2025-03-08,C0164,East,Consumer,P001,Laptop Pro 14,Electronics,1,0.1,1080.0,850,230.0
O00053,2025-01-05,C0029,North,Small Business,P008,Desk Lamp,Furniture,7,0.2,224.0,154,70.0
O00054,2025-10-26,C0142,South,Corporate,P003,Office Chair,Furniture,1,0.1,162.0,110,52.0
O00055,2025-07-06,C0231,North,Corporate,P003,Office Chair,Furniture,1,0.1,162.0,110,52.0
O00056,2025-07-01,C0200,West,Small Business,P004,Standing Desk,Furniture,4,0,1240,760,480
O00057,2025-04-01,C0226,West,Consumer,P003,Office Chair,Furniture,4,0.05,684.0,440,244.0
O00058,2025-12-09,C0222,South,Corporate,P003,Office Chair,Furniture,6,0.15,918.0,660,258.0
O00059,2025-01-20,C0220,West,Consumer,P003,Office Chair,Furniture,2,0.15,306.0,220,86.0
O00060,2025-06-06,C0211,South,Consumer,P004,Standing Desk,Furniture,8,0.1,2232.0,1520,712.0
O00061,2025-06-18,C0072,North,Corporate,P001,Laptop Pro 14,Electronics,4,0.15,4080.0,3400,680.0
O00062,2025-06-19,C0241,North,Consumer,P006,Backpack,Accessories,7,0.2,280.0,175,105.0
O00063,2025-05-16,C0010,North,Small Business,P005,Smartphone X,Electronics,3,0.2,1560.0,1260,300.0
O00064,2025-08-12,C0156,North,Corporate,P007,Monitor 27,Electronics,6,0.1,1512.0,1080,432.0
O00065,2025-12-29,C0112,North,Small Business,P004,Standing Desk,Furniture,5,0,1550,950,600
O00066,2025-02-05,C0243,East,Small Business,P004,Standing Desk,Furniture,6,0.15,1581.0,1140,441.0
O00067,2025-09-17,C0080,West,Corporate,P006,Backpack,Accessories,2,0.1,90.0,50,40.0
O00068,2025-03-07,C0050,West,Small Business,P007,Monitor 27,Electronics,5,0.2,1120.0,900,220.0
O00069,2025-10-19,C0078,West,Small Business,P007,Monitor 27,Electronics,3,0.2,672.0,540,132.0
O00070,2025-04-18,C0111,East,Corporate,P001,Laptop Pro 14,Electronics,5,0.1,5400.0,4250,1150.0
O00071,2025-09-19,C0122,South,Small Business,P008,Desk Lamp,Furniture,8,0.05,304.0,176,128.0
O00072,2025-12-06,C0163,East,Consumer,P002,Wireless Headphones,Electronics,5,0.2,380.0,275,105.0
O00073,2025-04-12,C0038,North,Consumer,P004,Standing Desk,Furniture,5,0.05,1472.5,950,522.5
O00074,2025-02-07,C0117,West,Small Business,P004,Standing Desk,Furniture,8,0.2,1984.0,1520,464.0
O00075,2025-07-24,C0063,South,Small Business,P004,Standing Desk,Furniture,7,0.15,1844.5,1330,514.5
O00076,2025-04-23,C0046,West,Consumer,P001,Laptop Pro 14,Electronics,2,0.15,2040.0,1700,340.0
O00077,2025-03-10,C0206,West,Small Business,P004,Standing Desk,Furniture,2,0.15,527.0,380,147.0
O00078,2025-09-16,C0110,West,Consumer,P006,Backpack,Accessories,8,0.2,320.0,200,120.0
O00079,2025-05-07,C0216,East,Small Business,P008,Desk Lamp,Furniture,8,0.1,288.0,176,112.0
O00080,2025-08-14,C0020,East,Consumer,P008,Desk Lamp,Furniture,4,0.1,144.0,88,56.0
O00081,2025-10-04,C0021,South,Consumer,P005,Smartphone X,Electronics,6,0.1,3510.0,2520,990.0
O00082,2025-12-28,C0055,North,Corporate,P004,Standing Desk,Furniture,7,0.05,2061.5,1330,731.5
O00083,2025-08-27,C0107,North,Consumer,P007,Monitor 27,Electronics,6,0.2,1344.0,1080,264.0
O00084,2025-12-23,C0006,West,Corporate,P007,Monitor 27,Electronics,7,0.2,1568.0,1260,308.0
O00085,2025-07-19,C0219,West,Small Business,P001,Laptop Pro 14,Electronics,6,0.1,6480.0,5100,1380.0
O00086,2025-05-20,C0112,West,Consumer,P004,Standing Desk,Furniture,8,0.05,2356.0,1520,836.0
O00087,2025-03-26,C0216,West,Consumer,P007,Monitor 27,Electronics,6,0.15,1428.0,1080,348.0
O00088,2025-10-16,C0170,North,Consumer,P001,Laptop Pro 14,Electronics,7,0.2,6720.0,5950,770.0
O00089,2025-04-04,C0013,East,Corporate,P007,Monitor 27,Electronics,3,0.15,714.0,540,174.0
O00090,2025-06-17,C0087,West,Corporate,P006,Backpack,Accessories,4,0.15,170.0,100,70.0
O00091,2025-08-29,C0005,North,Corporate,P007,Monitor 27,Electronics,5,0,1400,900,500
O00092,2025-01-16,C0244,South,Consumer,P004,Standing Desk,Furniture,2,0,620,380,240
O00093,2025-03-06,C0122,North,Small Business,P001,Laptop Pro 14,Electronics,3,0.05,3420.0,2550,870.0
O00094,2025-07-08,C0043,North,Consumer,P004,Standing Desk,Furniture,8,0.1,2232.0,1520,712.0
O00095,2025-01-14,C0238,East,Small Business,P005,Smartphone X,Electronics,2,0.2,1040.0,840,200.0
O00096,2025-02-08,C0152,South,Consumer,P007,Monitor 27,Electronics,7,0.05,1862.0,1260,602.0
O00097,2025-01-22,C0089,West,Small Business,P005,Smartphone X,Electronics,2,0.2,1040.0,840,200.0
O00098,2025-11-28,C0088,North,Corporate,P006,Backpack,Accessories,2,0.2,80.0,50,30.0
O00099,2025-07-05,C0163,West,Small Business,P008,Desk Lamp,Furniture,2,0.15,68.0,44,24.0
O00100,2025-09-25,C0248,East,Small Business,P003,Office Chair,Furniture,7,0.05,1197.0,770,427.0
O00101,2025-10-31,C0069,East,Consumer,P008,Desk Lamp,Furniture,8,0.15,272.0,176,96.0
O00102,2025-05-05,C0193,West,Small Business,P002,Wireless Headphones,Electronics,5,0.15,403.75,275,128.75
O00103,2025-09-11,C0218,East,Consumer,P007,Monitor 27,Electronics,6,0,1680,1080,600
O00104,2025-05-13,C0088,East,Small Business,P008,Desk Lamp,Furniture,4,0.1,144.0,88,56.0
O00105,2025-04-08,C0022,South,Small Business,P005,Smartphone X,Electronics,1,0.2,520.0,420,100.0
O00106,2025-05-04,C0177,West,Small Business,P007,Monitor 27,Electronics,8,0.2,1792.0,1440,352.0
O00107,2025-02-17,C0076,South,Corporate,P008,Desk Lamp,Furniture,8,0,320,176,144
O00108,2025-07-08,C0122,East,Corporate,P004,Standing Desk,Furniture,5,0.2,1240.0,950,290.0
O00109,2025-05-19,C0079,East,Consumer,P006,Backpack,Accessories,6,0.15,255.0,150,105.0
O00110,2025-03-03,C0191,South,Consumer,P002,Wireless Headphones,Electronics,4,0.1,342.0,220,122.0
O00111,2025-10-29,C0195,East,Consumer,P004,Standing Desk,Furniture,8,0.1,2232.0,1520,712.0
O00112,2025-07-04,C0046,East,Consumer,P004,Standing Desk,Furniture,5,0.05,1472.5,950,522.5
O00113,2025-01-28,C0142,East,Small Business,P003,Office Chair,Furniture,5,0,900,550,350
O00114,2025-01-07,C0147,East,Corporate,P003,Office Chair,Furniture,8,0,1440,880,560
O00115,2025-04-05,C0248,North,Corporate,P008,Desk Lamp,Furniture,8,0.1,288.0,176,112.0
O00116,2025-07-25,C0126,North,Small Business,P008,Desk Lamp,Furniture,2,0,80,44,36
O00117,2025-10-16,C0243,East,Consumer,P001,Laptop Pro 14,Electronics,3,0.05,3420.0,2550,870.0
O00118,2025-08-02,C0156,South,Small Business,P004,Standing Desk,Furniture,2,0.2,496.0,380,116.0
O00119,2025-06-02,C0221,West,Corporate,P007,Monitor 27,Electronics,8,0.15,1904.0,1440,464.0
O00120,2025-11-17,C0055,East,Small Business,P001,Laptop Pro 14,Electronics,2,0.05,2280.0,1700,580.0
O00121,2025-03-30,C0142,North,Consumer,P002,Wireless Headphones,Electronics,3,0.05,270.75,165,105.75
O00122,2025-12-19,C0153,West,Corporate,P001,Laptop Pro 14,Electronics,7,0.15,7140.0,5950,1190.0
O00123,2025-12-28,C0073,West,Consumer,P001,Laptop Pro 14,Electronics,4,0.1,4320.0,3400,920.0
O00124,2025-12-05,C0206,South,Corporate,P004,Standing Desk,Furniture,5,0.2,1240.0,950,290.0
O00125,2025-05-17,C0212,South,Consumer,P002,Wireless Headphones,Electronics,4,0.05,361.0,220,141.0
O00126,2025-11-01,C0192,East,Corporate,P001,Laptop Pro 14,Electronics,3,0.1,3240.0,2550,690.0
O00127,2025-12-25,C0104,East,Small Business,P002,Wireless Headphones,Electronics,8,0.1,684.0,440,244.0
O00128,2025-11-03,C0011,West,Small Business,P008,Desk Lamp,Furniture,8,0,320,176,144
O00129,2025-02-16,C0059,North,Small Business,P006,Backpack,Accessories,5,0,250,125,125
O00130,2025-08-29,C0133,West,Corporate,P005,Smartphone X,Electronics,1,0.05,617.5,420,197.5
O00131,2025-02-16,C0121,East,Corporate,P003,Office Chair,Furniture,7,0.15,1071.0,770,301.0
O00132,2025-03-24,C0085,West,Small Business,P006,Backpack,Accessories,6,0,300,150,150
O00133,2025-10-09,C0010,West,Consumer,P008,Desk Lamp,Furniture,5,0.15,170.0,110,60.0
O00134,2025-03-01,C0249,West,Small Business,P006,Backpack,Accessories,5,0.1,225.0,125,100.0
O00135,2025-01-28,C0049,East,Small Business,P001,Laptop Pro 14,Electronics,8,0.15,8160.0,6800,1360.0
O00136,2025-04-15,C0069,South,Corporate,P008,Desk Lamp,Furniture,8,0,320,176,144
O00137,2025-01-15,C0250,South,Small Business,P008,Desk Lamp,Furniture,8,0,320,176,144
O00138,2025-01-08,C0142,West,Consumer,P003,Office Chair,Furniture,5,0.2,720.0,550,170.0
O00139,2025-03-02,C0166,South,Corporate,P004,Standing Desk,Furniture,2,0.15,527.0,380,147.0
O00140,2025-09-05,C0121,South,Corporate,P005,Smartphone X,Electronics,5,0.15,2762.5,2100,662.5
O00141,2025-11-03,C0131,South,Consumer,P003,Office Chair,Furniture,7,0.05,1197.0,770,427.0
O00142,2025-09-17,C0069,North,Corporate,P005,Smartphone X,Electronics,7,0.1,4095.0,2940,1155.0
O00143,2025-08-17,C0138,West,Corporate,P005,Smartphone X,Electronics,8,0.05,4940.0,3360,1580.0
O00144,2025-06-14,C0223,South,Small Business,P006,Backpack,Accessories,7,0.15,297.5,175,122.5
O00145,2025-07-30,C0012,East,Small Business,P004,Standing Desk,Furniture,7,0.05,2061.5,1330,731.5
O00146,2025-12-06,C0203,South,Corporate,P008,Desk Lamp,Furniture,7,0.15,238.0,154,84.0
O00147,2025-10-30,C0085,North,Corporate,P001,Laptop Pro 14,Electronics,3,0.2,2880.0,2550,330.0
O00148,2025-03-15,C0105,South,Consumer,P002,Wireless Headphones,Electronics,8,0,760,440,320
O00149,2025-11-16,C0178,West,Small Business,P008,Desk Lamp,Furniture,5,0.1,180.0,110,70.0
O00150,2025-07-14,C0245,East,Small Business,P002,Wireless Headphones,Electronics,6,0.2,456.0,330,126.0
O00151,2025-02-05,C0061,East,Consumer,P008,Desk Lamp,Furniture,1,0.2,32.0,22,10.0
O00152,2025-11-21,C0181,North,Corporate,P002,Wireless Headphones,Electronics,7,0,665,385,280
O00153,2025-01-24,C0084,North,Corporate,P003,Office Chair,Furniture,5,0,900,550,350
O00154,2025-03-16,C0063,West,Small Business,P006,Backpack,Accessories,6,0.15,255.0,150,105.0
O00155,2025-02-10,C0157,West,Small Business,P003,Office Chair,Furniture,3,0.05,513.0,330,183.0
O00156,2025-03-15,C0060,West,Small Business,P004,Standing Desk,Furniture,8,0.2,1984.0,1520,464.0
O00157,2025-12-08,C0003,West,Corporate,P005,Smartphone X,Electronics,8,0.1,4680.0,3360,1320.0
O00158,2025-06-26,C0151,East,Small Business,P003,Office Chair,Furniture,2,0.15,306.0,220,86.0
O00159,2025-06-04,C0051,West,Corporate,P007,Monitor 27,Electronics,5,0.15,1190.0,900,290.0
O00160,2025-10-20,C0092,East,Small Business,P002,Wireless Headphones,Electronics,4,0.15,323.0,220,103.0
O00161,2025-05-21,C0003,North,Small Business,P005,Smartphone X,Electronics,1,0.15,552.5,420,132.5
O00162,2025-11-07,C0206,East,Consumer,P008,Desk Lamp,Furniture,5,0.05,190.0,110,80.0
O00163,2025-11-18,C0025,North,Corporate,P004,Standing Desk,Furniture,5,0.05,1472.5,950,522.5
O00164,2025-07-06,C0188,South,Consumer,P008,Desk Lamp,Furniture,1,0.2,32.0,22,10.0
O00165,2025-03-31,C0052,South,Small Business,P005,Smartphone X,Electronics,6,0.15,3315.0,2520,795.0
O00166,2025-05-12,C0234,West,Corporate,P006,Backpack,Accessories,5,0.05,237.5,125,112.5
O00167,2025-02-08,C0037,South,Small Business,P006,Backpack,Accessories,2,0.15,85.0,50,35.0
O00168,2025-07-22,C0004,East,Small Business,P007,Monitor 27,Electronics,6,0,1680,1080,600
O00169,2025-12-11,C0192,East,Small Business,P002,Wireless Headphones,Electronics,8,0.1,684.0,440,244.0
O00170,2025-12-12,C0060,West,Consumer,P007,Monitor 27,Electronics,6,0,1680,1080,600
O00171,2025-11-22,C0211,West,Small Business,P006,Backpack,Accessories,4,0,200,100,100
O00172,2025-03-13,C0012,North,Corporate,P005,Smartphone X,Electronics,7,0,4550,2940,1610
O00173,2025-05-01,C0228,South,Corporate,P008,Desk Lamp,Furniture,2,0,80,44,36
O00174,2025-08-03,C0151,South,Corporate,P008,Desk Lamp,Furniture,6,0.2,192.0,132,60.0
O00175,2025-07-28,C0241,East,Consumer,P002,Wireless Headphones,Electronics,8,0.2,608.0,440,168.0
O00176,2025-08-16,C0244,South,Corporate,P006,Backpack,Accessories,4,0.15,170.0,100,70.0
O00177,2025-11-27,C0092,North,Corporate,P002,Wireless Headphones,Electronics,6,0.2,456.0,330,126.0
O00178,2025-08-21,C0024,South,Small Business,P005,Smartphone X,Electronics,4,0,2600,1680,920
O00179,2025-05-05,C0033,South,Consumer,P001,Laptop Pro 14,Electronics,1,0.1,1080.0,850,230.0
O00180,2025-06-18,C0199,South,Small Business,P004,Standing Desk,Furniture,4,0.05,1178.0,760,418.0
O00181,2025-03-08,C0139,East,Consumer,P001,Laptop Pro 14,Electronics,5,0.05,5700.0,4250,1450.0
O00182,2025-01-08,C0092,South,Small Business,P002,Wireless Headphones,Electronics,1,0.05,90.25,55,35.25
O00183,2025-05-16,C0014,South,Small Business,P006,Backpack,Accessories,1,0.05,47.5,25,22.5
O00184,2025-09-01,C0115,East,Small Business,P007,Monitor 27,Electronics,2,0,560,360,200
O00185,2025-04-24,C0243,North,Small Business,P002,Wireless Headphones,Electronics,8,0.2,608.0,440,168.0
O00186,2025-02-01,C0123,West,Corporate,P005,Smartphone X,Electronics,8,0,5200,3360,1840
O00187,2025-02-07,C0231,North,Corporate,P002,Wireless Headphones,Electronics,8,0.15,646.0,440,206.0
O00188,2025-05-21,C0160,East,Corporate,P003,Office Chair,Furniture,2,0.05,342.0,220,122.0
O00189,2025-11-06,C0111,North,Small Business,P005,Smartphone X,Electronics,8,0.2,4160.0,3360,800.0
O00190,2025-08-20,C0228,South,Corporate,P002,Wireless Headphones,Electronics,4,0.15,323.0,220,103.0
O00191,2025-08-01,C0187,North,Corporate,P006,Backpack,Accessories,8,0.15,340.0,200,140.0
O00192,2025-07-11,C0245,South,Small Business,P007,Monitor 27,Electronics,6,0.1,1512.0,1080,432.0
O00193,2025-02-13,C0024,West,Consumer,P008,Desk Lamp,Furniture,2,0,80,44,36
O00194,2025-01-31,C0151,East,Small Business,P006,Backpack,Accessories,3,0.2,120.0,75,45.0
O00195,2025-12-07,C0241,West,Small Business,P002,Wireless Headphones,Electronics,7,0.1,598.5,385,213.5
O00196,2025-06-09,C0091,North,Small Business,P001,Laptop Pro 14,Electronics,5,0.2,4800.0,4250,550.0
O00197,2025-04-25,C0217,North,Corporate,P004,Standing Desk,Furniture,3,0.15,790.5,570,220.5
O00198,2025-10-21,C0058,West,Small Business,P006,Backpack,Accessories,2,0.1,90.0,50,40.0
O00199,2025-04-03,C0070,East,Corporate,P001,Laptop Pro 14,Electronics,5,0,6000,4250,1750
O00200,2025-03-15,C0145,West,Consumer,P006,Backpack,Accessories,1,0.05,47.5,25,22.5
O00201,2025-09-29,C0056,West,Corporate,P003,Office Chair,Furniture,1,0,180,110,70
O00202,2025-07-09,C0080,East,Small Business,P008,Desk Lamp,Furniture,6,0.05,228.0,132,96.0
O00203,2025-03-22,C0194,North,Small Business,P002,Wireless Headphones,Electronics,1,0.05,90.25,55,35.25
O00204,2025-12-05,C0109,West,Small Business,P002,Wireless Headphones,Electronics,5,0.15,403.75,275,128.75
O00205,2025-04-21,C0194,North,Corporate,P008,Desk Lamp,Furniture,7,0.1,252.0,154,98.0
O00206,2025-12-14,C0174,West,Small Business,P007,Monitor 27,Electronics,2,0.1,504.0,360,144.0
O00207,2025-07-22,C0154,North,Consumer,P005,Smartphone X,Electronics,1,0.05,617.5,420,197.5
O00208,2025-03-12,C0196,East,Corporate,P004,Standing Desk,Furniture,5,0.05,1472.5,950,522.5
O00209,2025-09-12,C0192,West,Consumer,P006,Backpack,Accessories,2,0,100,50,50
O00210,2025-12-27,C0059,East,Consumer,P003,Office Chair,Furniture,7,0.2,1008.0,770,238.0
O00211,2025-01-10,C0118,North,Corporate,P007,Monitor 27,Electronics,1,0.15,238.0,180,58.0
O00212,2025-05-29,C0030,West,Consumer,P007,Monitor 27,Electronics,7,0.15,1666.0,1260,406.0
O00213,2025-08-24,C0213,East,Consumer,P006,Backpack,Accessories,3,0.2,120.0,75,45.0
O00214,2025-08-12,C0151,West,Small Business,P007,Monitor 27,Electronics,2,0.05,532.0,360,172.0
O00215,2025-06-23,C0057,East,Consumer,P002,Wireless Headphones,Electronics,7,0.1,598.5,385,213.5
O00216,2025-09-19,C0050,East,Corporate,P002,Wireless Headphones,Electronics,2,0.2,152.0,110,42.0
O00217,2025-03-16,C0066,South,Consumer,P003,Office Chair,Furniture,4,0,720,440,280
O00218,2025-11-18,C0127,West,Small Business,P003,Office Chair,Furniture,2,0.05,342.0,220,122.0
O00219,2025-03-19,C0113,North,Corporate,P008,Desk Lamp,Furniture,6,0.1,216.0,132,84.0
O00220,2025-10-30,C0015,East,Small Business,P008,Desk Lamp,Furniture,5,0.1,180.0,110,70.0
O00221,2025-08-20,C0010,North,Corporate,P002,Wireless Headphones,Electronics,5,0.15,403.75,275,128.75
O00222,2025-11-11,C0153,West,Corporate,P005,Smartphone X,Electronics,2,0,1300,840,460
O00223,2025-11-30,C0049,East,Small Business,P001,Laptop Pro 14,Electronics,8,0.2,7680.0,6800,880.0
O00224,2025-08-19,C0027,East,Small Business,P008,Desk Lamp,Furniture,3,0,120,66,54
O00225,2025-05-07,C0182,West,Corporate,P002,Wireless Headphones,Electronics,3,0,285,165,120
O00226,2025-05-25,C0100,West,Corporate,P003,Office Chair,Furniture,6,0.1,972.0,660,312.0
O00227,2025-06-18,C0025,West,Corporate,P001,Laptop Pro 14,Electronics,6,0,7200,5100,2100
O00228,2025-02-11,C0150,South,Corporate,P005,Smartphone X,Electronics,3,0.1,1755.0,1260,495.0
O00229,2025-11-01,C0182,North,Corporate,P005,Smartphone X,Electronics,7,0.05,4322.5,2940,1382.5
O00230,2025-12-10,C0180,North,Small Business,P007,Monitor 27,Electronics,6,0.05,1596.0,1080,516.0
O00231,2025-07-05,C0080,South,Consumer,P007,Monitor 27,Electronics,6,0,1680,1080,600
O00232,2025-04-26,C0036,South,Consumer,P006,Backpack,Accessories,8,0.05,380.0,200,180.0
O00233,2025-10-04,C0214,North,Small Business,P005,Smartphone X,Electronics,2,0.2,1040.0,840,200.0
O00234,2025-07-12,C0040,South,Consumer,P006,Backpack,Accessories,3,0.2,120.0,75,45.0
O00235,2025-07-30,C0094,South,Corporate,P003,Office Chair,Furniture,8,0,1440,880,560
O00236,2025-10-01,C0062,East,Corporate,P005,Smartphone X,Electronics,8,0.05,4940.0,3360,1580.0
O00237,2025-08-14,C0119,East,Corporate,P004,Standing Desk,Furniture,6,0.2,1488.0,1140,348.0
O00238,2025-11-06,C0036,East,Consumer,P007,Monitor 27,Electronics,3,0.05,798.0,540,258.0
O00239,2025-02-22,C0183,North,Corporate,P008,Desk Lamp,Furniture,6,0.2,192.0,132,60.0
O00240,2025-08-19,C0232,South,Corporate,P002,Wireless Headphones,Electronics,3,0.1,256.5,165,91.5
O00241,2025-06-28,C0239,North,Corporate,P002,Wireless Headphones,Electronics,4,0.15,323.0,220,103.0
O00242,2025-07-11,C0061,West,Consumer,P001,Laptop Pro 14,Electronics,7,0.2,6720.0,5950,770.0
O00243,2025-06-13,C0239,North,Small Business,P006,Backpack,Accessories,4,0,200,100,100
O00244,2025-01-20,C0074,West,Small Business,P006,Backpack,Accessories,3,0.05,142.5,75,67.5
O00245,2025-11-12,C0002,North,Consumer,P003,Office Chair,Furniture,8,0.15,1224.0,880,344.0
O00246,2025-10-08,C0241,West,Consumer,P005,Smartphone X,Electronics,4,0.05,2470.0,1680,790.0
O00247,2025-03-04,C0013,South,Corporate,P005,Smartphone X,Electronics,4,0.1,2340.0,1680,660.0
O00248,2025-09-13,C0153,North,Small Business,P008,Desk Lamp,Furniture,2,0,80,44,36
O00249,2025-08-08,C0001,East,Consumer,P004,Standing Desk,Furniture,3,0.1,837.0,570,267.0
O00250,2025-09-26,C0250,East,Consumer,P007,Monitor 27,Electronics,3,0,840,540,300
O00251,2025-01-23,C0163,West,Corporate,P001,Laptop Pro 14,Electronics,7,0.15,7140.0,5950,1190.0
O00252,2025-02-04,C0089,South,Small Business,P005,Smartphone X,Electronics,1,0.1,585.0,420,165.0
O00253,2025-01-23,C0091,East,Small Business,P002,Wireless Headphones,Electronics,6,0.05,541.5,330,211.5
O00254,2025-11-20,C0047,South,Consumer,P003,Office Chair,Furniture,8,0.15,1224.0,880,344.0
O00255,2025-04-14,C0012,South,Consumer,P008,Desk Lamp,Furniture,1,0.1,36.0,22,14.0
O00256,2025-07-23,C0209,West,Corporate,P006,Backpack,Accessories,5,0.2,200.0,125,75.0
O00257,2025-07-02,C0221,North,Small Business,P001,Laptop Pro 14,Electronics,4,0.1,4320.0,3400,920.0
O00258,2025-07-08,C0112,West,Small Business,P006,Backpack,Accessories,5,0,250,125,125
O00259,2025-04-06,C0128,West,Corporate,P008,Desk Lamp,Furniture,7,0.1,252.0,154,98.0
O00260,2025-02-10,C0111,South,Small Business,P005,Smartphone X,Electronics,2,0.15,1105.0,840,265.0
O00261,2025-02-10,C0084,East,Corporate,P005,Smartphone X,Electronics,6,0,3900,2520,1380
O00262,2025-12-20,C0114,East,Corporate,P008,Desk Lamp,Furniture,7,0.05,266.0,154,112.0
O00263,2025-08-11,C0071,North,Consumer,P001,Laptop Pro 14,Electronics,6,0.2,5760.0,5100,660.0
O00264,2025-12-14,C0041,North,Consumer,P007,Monitor 27,Electronics,6,0.2,1344.0,1080,264.0
O00265,2025-02-04,C0061,East,Corporate,P008,Desk Lamp,Furniture,1,0.05,38.0,22,16.0
O00266,2025-03-20,C0174,West,Corporate,P007,Monitor 27,Electronics,1,0.2,224.0,180,44.0
O00267,2025-10-21,C0036,East,Corporate,P006,Backpack,Accessories,8,0,400,200,200
O00268,2025-02-28,C0007,South,Corporate,P006,Backpack,Accessories,5,0.05,237.5,125,112.5
O00269,2025-05-14,C0181,West,Consumer,P007,Monitor 27,Electronics,2,0.1,504.0,360,144.0
O00270,2025-03-04,C0035,North,Corporate,P005,Smartphone X,Electronics,8,0.05,4940.0,3360,1580.0
O00271,2025-12-16,C0248,East,Small Business,P003,Office Chair,Furniture,8,0,1440,880,560
O00272,2025-10-05,C0075,East,Consumer,P006,Backpack,Accessories,2,0.2,80.0,50,30.0
O00273,2025-04-25,C0032,South,Consumer,P003,Office Chair,Furniture,6,0.2,864.0,660,204.0
O00274,2025-07-04,C0142,East,Corporate,P004,Standing Desk,Furniture,8,0,2480,1520,960
O00275,2025-06-08,C0102,West,Small Business,P003,Office Chair,Furniture,2,0,360,220,140
O00276,2025-02-07,C0033,East,Small Business,P007,Monitor 27,Electronics,7,0.2,1568.0,1260,308.0
O00277,2025-12-15,C0133,East,Consumer,P002,Wireless Headphones,Electronics,8,0.15,646.0,440,206.0
O00278,2025-09-15,C0234,North,Consumer,P003,Office Chair,Furniture,3,0.15,459.0,330,129.0
O00279,2025-03-24,C0083,South,Corporate,P003,Office Chair,Furniture,5,0.05,855.0,550,305.0
O00280,2025-04-11,C0163,East,Consumer,P005,Smartphone X,Electronics,2,0.1,1170.0,840,330.0
O00281,2025-11-25,C0044,South,Consumer,P005,Smartphone X,Electronics,2,0.2,1040.0,840,200.0
O00282,2025-02-11,C0012,East,Small Business,P006,Backpack,Accessories,1,0,50,25,25
O00283,2025-11-24,C0008,West,Small Business,P004,Standing Desk,Furniture,7,0.2,1736.0,1330,406.0
O00284,2025-05-06,C0207,West,Corporate,P005,Smartphone X,Electronics,5,0.15,2762.5,2100,662.5
O00285,2025-03-22,C0113,West,Corporate,P008,Desk Lamp,Furniture,2,0,80,44,36
O00286,2025-11-07,C0037,East,Small Business,P008,Desk Lamp,Furniture,4,0.1,144.0,88,56.0
O00287,2025-03-08,C0195,East,Small Business,P006,Backpack,Accessories,6,0.15,255.0,150,105.0
O00288,2025-08-27,C0032,East,Corporate,P002,Wireless Headphones,Electronics,6,0.05,541.5,330,211.5
O00289,2025-01-26,C0075,West,Small Business,P004,Standing Desk,Furniture,3,0,930,570,360
O00290,2025-06-17,C0240,East,Consumer,P007,Monitor 27,Electronics,4,0.05,1064.0,720,344.0
O00291,2025-08-28,C0128,East,Corporate,P003,Office Chair,Furniture,8,0.2,1152.0,880,272.0
O00292,2025-09-16,C0118,South,Consumer,P001,Laptop Pro 14,Electronics,2,0.15,2040.0,1700,340.0
O00293,2025-05-25,C0127,West,Corporate,P006,Backpack,Accessories,1,0,50,25,25
O00294,2025-03-10,C0226,East,Small Business,P001,Laptop Pro 14,Electronics,2,0.15,2040.0,1700,340.0
O00295,2025-01-24,C0103,North,Small Business,P006,Backpack,Accessories,7,0.1,315.0,175,140.0
O00296,2025-05-28,C0019,West,Small Business,P004,Standing Desk,Furniture,6,0.2,1488.0,1140,348.0
O00297,2025-12-15,C0157,North,Consumer,P008,Desk Lamp,Furniture,5,0.2,160.0,110,50.0
O00298,2025-06-23,C0143,East,Consumer,P002,Wireless Headphones,Electronics,7,0.1,598.5,385,213.5
O00299,2025-01-21,C0012,North,Consumer,P004,Standing Desk,Furniture,7,0.2,1736.0,1330,406.0
O00300,2025-08-22,C0039,South,Corporate,P006,Backpack,Accessories,8,0.2,320.0,200,120.0
O00301,2025-11-12,C0190,East,Small Business,P006,Backpack,Accessories,3,0.15,127.5,75,52.5
O00302,2025-06-03,C0122,North,Corporate,P006,Backpack,Accessories,8,0.2,320.0,200,120.0
O00303,2025-10-26,C0079,North,Small Business,P006,Backpack,Accessories,2,0.15,85.0,50,35.0
O00304,2025-10-23,C0059,North,Small Business,P008,Desk Lamp,Furniture,5,0.2,160.0,110,50.0
O00305,2025-11-19,C0185,West,Consumer,P008,Desk Lamp,Furniture,3,0.2,96.0,66,30.0
O00306,2025-12-25,C0029,South,Consumer,P004,Standing Desk,Furniture,1,0.2,248.0,190,58.0
O00307,2025-03-19,C0106,South,Corporate,P008,Desk Lamp,Furniture,6,0.15,204.0,132,72.0
O00308,2025-09-23,C0054,East,Small Business,P008,Desk Lamp,Furniture,1,0.05,38.0,22,16.0
O00309,2025-03-30,C0118,East,Small Business,P008,Desk Lamp,Furniture,7,0.1,252.0,154,98.0
O00310,2025-09-05,C0050,South,Corporate,P006,Backpack,Accessories,5,0.2,200.0,125,75.0
O00311,2025-05-28,C0181,South,Small Business,P005,Smartphone X,Electronics,4,0.1,2340.0,1680,660.0
O00312,2025-06-28,C0144,East,Corporate,P008,Desk Lamp,Furniture,6,0.15,204.0,132,72.0
O00313,2025-06-26,C0245,South,Corporate,P002,Wireless Headphones,Electronics,7,0.15,565.25,385,180.25
O00314,2025-06-27,C0237,West,Small Business,P001,Laptop Pro 14,Electronics,5,0,6000,4250,1750
O00315,2025-04-14,C0212,East,Small Business,P005,Smartphone X,Electronics,8,0.05,4940.0,3360,1580.0
O00316,2025-11-12,C0190,South,Consumer,P005,Smartphone X,Electronics,3,0,1950,1260,690
O00317,2025-01-27,C0026,West,Corporate,P001,Laptop Pro 14,Electronics,4,0.05,4560.0,3400,1160.0
O00318,2025-01-03,C0247,South,Corporate,P008,Desk Lamp,Furniture,2,0.05,76.0,44,32.0
O00319,2025-05-28,C0083,East,Small Business,P008,Desk Lamp,Furniture,8,0.05,304.0,176,128.0
O00320,2025-04-29,C0137,North,Consumer,P001,Laptop Pro 14,Electronics,2,0.2,1920.0,1700,220.0
O00321,2025-07-23,C0202,West,Consumer,P007,Monitor 27,Electronics,3,0,840,540,300
O00322,2025-06-02,C0146,North,Corporate,P005,Smartphone X,Electronics,1,0,650,420,230
O00323,2025-09-26,C0127,South,Small Business,P005,Smartphone X,Electronics,8,0.2,4160.0,3360,800.0
O00324,2025-02-27,C0085,South,Small Business,P008,Desk Lamp,Furniture,5,0.05,190.0,110,80.0
O00325,2025-01-08,C0189,East,Corporate,P008,Desk Lamp,Furniture,5,0.05,190.0,110,80.0
O00326,2025-11-24,C0230,West,Corporate,P004,Standing Desk,Furniture,3,0.2,744.0,570,174.0
O00327,2025-12-09,C0025,South,Consumer,P006,Backpack,Accessories,2,0.15,85.0,50,35.0
O00328,2025-01-04,C0067,West,Consumer,P008,Desk Lamp,Furniture,6,0.05,228.0,132,96.0
O00329,2025-06-04,C0150,North,Corporate,P008,Desk Lamp,Furniture,5,0.1,180.0,110,70.0
O00330,2025-12-08,C0031,West,Corporate,P006,Backpack,Accessories,4,0,200,100,100
O00331,2025-12-27,C0198,East,Small Business,P003,Office Chair,Furniture,7,0.2,1008.0,770,238.0
O00332,2025-11-11,C0057,South,Consumer,P002,Wireless Headphones,Electronics,5,0.1,427.5,275,152.5
O00333,2025-11-07,C0096,West,Small Business,P008,Desk Lamp,Furniture,3,0.15,102.0,66,36.0
O00334,2025-12-15,C0194,North,Small Business,P008,Desk Lamp,Furniture,4,0.05,152.0,88,64.0
O00335,2025-10-16,C0029,North,Small Business,P008,Desk Lamp,Furniture,6,0,240,132,108
O00336,2025-06-17,C0219,West,Consumer,P004,Standing Desk,Furniture,3,0.05,883.5,570,313.5
O00337,2025-09-19,C0115,North,Corporate,P004,Standing Desk,Furniture,8,0,2480,1520,960
O00338,2025-10-16,C0015,West,Small Business,P003,Office Chair,Furniture,7,0.15,1071.0,770,301.0
O00339,2025-05-11,C0210,North,Small Business,P005,Smartphone X,Electronics,1,0.15,552.5,420,132.5
O00340,2025-08-05,C0089,North,Small Business,P004,Standing Desk,Furniture,2,0,620,380,240
O00341,2025-01-17,C0074,West,Consumer,P001,Laptop Pro 14,Electronics,2,0.15,2040.0,1700,340.0
O00342,2025-07-15,C0115,West,Corporate,P003,Office Chair,Furniture,7,0.1,1134.0,770,364.0
O00343,2025-03-02,C0046,West,Small Business,P002,Wireless Headphones,Electronics,3,0.1,256.5,165,91.5
O00344,2025-01-12,C0077,West,Small Business,P003,Office Chair,Furniture,4,0,720,440,280
O00345,2025-05-07,C0118,East,Consumer,P007,Monitor 27,Electronics,7,0.05,1862.0,1260,602.0
O00346,2025-01-17,C0208,West,Small Business,P005,Smartphone X,Electronics,4,0,2600,1680,920
O00347,2025-02-04,C0026,North,Corporate,P001,Laptop Pro 14,Electronics,4,0.05,4560.0,3400,1160.0
O00348,2025-07-25,C0113,South,Small Business,P001,Laptop Pro 14,Electronics,4,0,4800,3400,1400
O00349,2025-09-15,C0075,South,Small Business,P004,Standing Desk,Furniture,1,0.05,294.5,190,104.5
O00350,2025-06-04,C0225,South,Small Business,P006,Backpack,Accessories,6,0.05,285.0,150,135.0
O00351,2025-05-21,C0016,South,Small Business,P004,Standing Desk,Furniture,7,0.1,1953.0,1330,623.0
O00352,2025-06-26,C0242,West,Small Business,P007,Monitor 27,Electronics,8,0,2240,1440,800
O00353,2025-03-18,C0077,West,Consumer,P006,Backpack,Accessories,7,0.15,297.5,175,122.5
O00354,2025-06-03,C0220,South,Corporate,P008,Desk Lamp,Furniture,4,0.05,152.0,88,64.0
O00355,2025-10-13,C0136,South,Corporate,P001,Laptop Pro 14,Electronics,7,0.15,7140.0,5950,1190.0
O00356,2025-06-19,C0166,North,Corporate,P004,Standing Desk,Furniture,5,0.05,1472.5,950,522.5
O00357,2025-04-08,C0014,East,Corporate,P006,Backpack,Accessories,2,0.2,80.0,50,30.0
O00358,2025-10-28,C0186,South,Corporate,P001,Laptop Pro 14,Electronics,2,0.05,2280.0,1700,580.0
O00359,2025-01-08,C0055,South,Small Business,P004,Standing Desk,Furniture,6,0.1,1674.0,1140,534.0
O00360,2025-12-23,C0155,South,Corporate,P002,Wireless Headphones,Electronics,8,0.05,722.0,440,282.0
O00361,2025-07-14,C0120,East,Corporate,P004,Standing Desk,Furniture,6,0.1,1674.0,1140,534.0
O00362,2025-09-12,C0120,North,Small Business,P005,Smartphone X,Electronics,6,0.2,3120.0,2520,600.0
O00363,2025-07-09,C0081,West,Consumer,P008,Desk Lamp,Furniture,6,0.05,228.0,132,96.0
O00364,2025-05-14,C0142,West,Corporate,P004,Standing Desk,Furniture,3,0,930,570,360
O00365,2025-04-28,C0098,South,Corporate,P003,Office Chair,Furniture,4,0.1,648.0,440,208.0
O00366,2025-11-25,C0190,West,Corporate,P006,Backpack,Accessories,5,0.15,212.5,125,87.5
O00367,2025-03-13,C0185,West,Consumer,P003,Office Chair,Furniture,6,0.05,1026.0,660,366.0
O00368,2025-12-09,C0013,North,Corporate,P001,Laptop Pro 14,Electronics,1,0,1200,850,350
O00369,2025-12-29,C0039,North,Consumer,P003,Office Chair,Furniture,4,0,720,440,280
O00370,2025-11-13,C0164,West,Small Business,P008,Desk Lamp,Furniture,6,0,240,132,108
O00371,2025-09-30,C0142,West,Consumer,P008,Desk Lamp,Furniture,1,0,40,22,18
O00372,2025-05-27,C0005,West,Consumer,P001,Laptop Pro 14,Electronics,5,0.2,4800.0,4250,550.0
O00373,2025-03-18,C0062,South,Small Business,P002,Wireless Headphones,Electronics,2,0.2,152.0,110,42.0
O00374,2025-07-23,C0021,East,Corporate,P005,Smartphone X,Electronics,6,0.1,3510.0,2520,990.0
O00375,2025-06-03,C0176,North,Small Business,P008,Desk Lamp,Furniture,4,0.05,152.0,88,64.0
O00376,2025-07-14,C0097,West,Consumer,P001,Laptop Pro 14,Electronics,2,0.15,2040.0,1700,340.0
O00377,2025-09-13,C0217,West,Small Business,P001,Laptop Pro 14,Electronics,3,0,3600,2550,1050
O00378,2025-01-22,C0059,South,Small Business,P006,Backpack,Accessories,2,0.2,80.0,50,30.0
O00379,2025-02-08,C0176,East,Small Business,P008,Desk Lamp,Furniture,5,0,200,110,90
O00380,2025-01-09,C0247,South,Small Business,P001,Laptop Pro 14,Electronics,3,0.1,3240.0,2550,690.0
O00381,2025-06-03,C0042,South,Small Business,P003,Office Chair,Furniture,7,0,1260,770,490
O00382,2025-03-13,C0203,North,Small Business,P007,Monitor 27,Electronics,6,0.15,1428.0,1080,348.0
O00383,2025-08-12,C0060,North,Corporate,P006,Backpack,Accessories,1,0,50,25,25
O00384,2025-11-21,C0070,West,Corporate,P007,Monitor 27,Electronics,6,0,1680,1080,600
O00385,2025-07-12,C0111,South,Small Business,P004,Standing Desk,Furniture,6,0.2,1488.0,1140,348.0
O00386,2025-06-01,C0205,South,Small Business,P007,Monitor 27,Electronics,2,0.2,448.0,360,88.0
O00387,2025-03-20,C0098,South,Small Business,P002,Wireless Headphones,Electronics,2,0.1,171.0,110,61.0
O00388,2025-02-24,C0024,North,Corporate,P007,Monitor 27,Electronics,6,0.1,1512.0,1080,432.0
O00389,2025-02-22,C0034,North,Consumer,P008,Desk Lamp,Furniture,6,0.1,216.0,132,84.0
O00390,2025-10-12,C0132,West,Consumer,P007,Monitor 27,Electronics,8,0.2,1792.0,1440,352.0
O00391,2025-10-11,C0024,East,Corporate,P001,Laptop Pro 14,Electronics,2,0.1,2160.0,1700,460.0
O00392,2025-07-18,C0200,North,Small Business,P001,Laptop Pro 14,Electronics,5,0.15,5100.0,4250,850.0
O00393,2025-03-28,C0036,East,Corporate,P004,Standing Desk,Furniture,3,0.15,790.5,570,220.5
O00394,2025-02-02,C0043,West,Corporate,P005,Smartphone X,Electronics,8,0.05,4940.0,3360,1580.0
O00395,2025-02-09,C0093,East,Consumer,P007,Monitor 27,Electronics,5,0.15,1190.0,900,290.0
O00396,2025-02-24,C0035,East,Consumer,P008,Desk Lamp,Furniture,4,0.15,136.0,88,48.0
O00397,2025-07-14,C0206,East,Corporate,P007,Monitor 27,Electronics,6,0.2,1344.0,1080,264.0
O00398,2025-03-11,C0077,East,Small Business,P006,Backpack,Accessories,7,0.2,280.0,175,105.0
O00399,2025-04-01,C0247,West,Corporate,P004,Standing Desk,Furniture,8,0.1,2232.0,1520,712.0
O00400,2025-05-05,C0084,West,Corporate,P005,Smartphone X,Electronics,8,0.2,4160.0,3360,800.0
O00401,2025-10-16,C0052,South,Small Business,P007,Monitor 27,Electronics,6,0,1680,1080,600
O00402,2025-08-13,C0205,East,Small Business,P001,Laptop Pro 14,Electronics,8,0.05,9120.0,6800,2320.0
O00403,2025-03-13,C0163,East,Consumer,P002,Wireless Headphones,Electronics,7,0.15,565.25,385,180.25
O00404,2025-07-13,C0019,West,Small Business,P005,Smartphone X,Electronics,3,0.15,1657.5,1260,397.5
O00405,2025-09-17,C0237,West,Small Business,P008,Desk Lamp,Furniture,7,0.2,224.0,154,70.0
O00406,2025-11-01,C0164,North,Consumer,P001,Laptop Pro 14,Electronics,6,0.2,5760.0,5100,660.0
O00407,2025-11-28,C0157,North,Small Business,P004,Standing Desk,Furniture,6,0.05,1767.0,1140,627.0
O00408,2025-02-24,C0003,North,Corporate,P007,Monitor 27,Electronics,6,0.15,1428.0,1080,348.0
O00409,2025-07-11,C0101,West,Small Business,P004,Standing Desk,Furniture,4,0.15,1054.0,760,294.0
O00410,2025-09-05,C0027,East,Corporate,P003,Office Chair,Furniture,6,0,1080,660,420
O00411,2025-06-28,C0080,East,Corporate,P002,Wireless Headphones,Electronics,2,0.05,180.5,110,70.5
O00412,2025-09-01,C0025,West,Small Business,P004,Standing Desk,Furniture,8,0.1,2232.0,1520,712.0
O00413,2025-06-03,C0012,North,Consumer,P008,Desk Lamp,Furniture,6,0,240,132,108
O00414,2025-05-05,C0133,South,Small Business,P006,Backpack,Accessories,2,0.05,95.0,50,45.0
O00415,2025-08-07,C0246,West,Consumer,P003,Office Chair,Furniture,6,0.2,864.0,660,204.0
O00416,2025-11-24,C0169,West,Corporate,P007,Monitor 27,Electronics,3,0.05,798.0,540,258.0
O00417,2025-10-31,C0110,West,Consumer,P001,Laptop Pro 14,Electronics,4,0.15,4080.0,3400,680.0
O00418,2025-12-27,C0208,North,Small Business,P004,Standing Desk,Furniture,4,0.1,1116.0,760,356.0
O00419,2025-06-16,C0051,West,Consumer,P002,Wireless Headphones,Electronics,3,0.1,256.5,165,91.5
O00420,2025-11-24,C0081,West,Small Business,P005,Smartphone X,Electronics,8,0.2,4160.0,3360,800.0
O00421,2025-06-30,C0217,West,Small Business,P007,Monitor 27,Electronics,2,0.1,504.0,360,144.0
O00422,2025-10-30,C0022,South,Corporate,P003,Office Chair,Furniture,5,0.2,720.0,550,170.0
O00423,2025-03-01,C0047,East,Small Business,P002,Wireless Headphones,Electronics,4,0.1,342.0,220,122.0
O00424,2025-11-02,C0036,West,Corporate,P003,Office Chair,Furniture,7,0.15,1071.0,770,301.0
O00425,2025-12-22,C0236,South,Small Business,P003,Office Chair,Furniture,8,0.2,1152.0,880,272.0
O00426,2025-03-13,C0048,East,Corporate,P003,Office Chair,Furniture,8,0.1,1296.0,880,416.0
O00427,2025-09-06,C0035,South,Corporate,P001,Laptop Pro 14,Electronics,6,0,7200,5100,2100
O00428,2025-08-01,C0182,West,Corporate,P008,Desk Lamp,Furniture,7,0.15,238.0,154,84.0
O00429,2025-01-16,C0204,South,Corporate,P003,Office Chair,Furniture,2,0.2,288.0,220,68.0
O00430,2025-10-03,C0074,South,Corporate,P001,Laptop Pro 14,Electronics,5,0.05,5700.0,4250,1450.0
O00431,2025-02-28,C0069,East,Small Business,P008,Desk Lamp,Furniture,2,0.2,64.0,44,20.0
O00432,2025-04-22,C0109,North,Small Business,P001,Laptop Pro 14,Electronics,8,0.2,7680.0,6800,880.0
O00433,2025-08-19,C0068,East,Consumer,P004,Standing Desk,Furniture,5,0,1550,950,600
O00434,2025-04-18,C0208,East,Small Business,P008,Desk Lamp,Furniture,2,0.05,76.0,44,32.0
O00435,2025-03-13,C0201,South,Consumer,P007,Monitor 27,Electronics,3,0.2,672.0,540,132.0
O00436,2025-05-24,C0153,South,Corporate,P001,Laptop Pro 14,Electronics,6,0.2,5760.0,5100,660.0
O00437,2025-05-17,C0244,North,Consumer,P005,Smartphone X,Electronics,5,0.2,2600.0,2100,500.0
O00438,2025-12-02,C0033,South,Consumer,P007,Monitor 27,Electronics,1,0.1,252.0,180,72.0
O00439,2025-12-13,C0101,West,Consumer,P003,Office Chair,Furniture,6,0.05,1026.0,660,366.0
O00440,2025-08-20,C0020,North,Corporate,P005,Smartphone X,Electronics,7,0.15,3867.5,2940,927.5
O00441,2025-09-07,C0084,North,Small Business,P005,Smartphone X,Electronics,6,0.15,3315.0,2520,795.0
O00442,2025-02-02,C0204,West,Consumer,P002,Wireless Headphones,Electronics,8,0.1,684.0,440,244.0
O00443,2025-05-18,C0083,East,Corporate,P007,Monitor 27,Electronics,4,0.15,952.0,720,232.0
O00444,2025-12-16,C0196,North,Consumer,P003,Office Chair,Furniture,8,0.1,1296.0,880,416.0
O00445,2025-03-05,C0238,South,Corporate,P002,Wireless Headphones,Electronics,8,0,760,440,320
O00446,2025-04-14,C0177,South,Small Business,P008,Desk Lamp,Furniture,1,0.15,34.0,22,12.0
O00447,2025-02-17,C0168,East,Corporate,P005,Smartphone X,Electronics,3,0.1,1755.0,1260,495.0
O00448,2025-01-27,C0102,East,Small Business,P002,Wireless Headphones,Electronics,6,0.05,541.5,330,211.5
O00449,2025-12-27,C0025,North,Consumer,P004,Standing Desk,Furniture,7,0,2170,1330,840
O00450,2025-10-31,C0058,West,Consumer,P008,Desk Lamp,Furniture,2,0.05,76.0,44,32.0
O00451,2025-08-05,C0178,South,Corporate,P001,Laptop Pro 14,Electronics,6,0,7200,5100,2100
O00452,2025-02-15,C0188,North,Consumer,P002,Wireless Headphones,Electronics,4,0.15,323.0,220,103.0
O00453,2025-03-12,C0098,South,Small Business,P006,Backpack,Accessories,6,0.1,270.0,150,120.0
O00454,2025-10-16,C0003,South,Corporate,P003,Office Chair,Furniture,2,0.2,288.0,220,68.0
O00455,2025-07-30,C0158,West,Consumer,P006,Backpack,Accessories,4,0.05,190.0,100,90.0
O00456,2025-03-05,C0151,West,Corporate,P002,Wireless Headphones,Electronics,2,0.05,180.5,110,70.5
O00457,2025-05-07,C0071,North,Consumer,P007,Monitor 27,Electronics,6,0.05,1596.0,1080,516.0
O00458,2025-04-16,C0133,South,Small Business,P005,Smartphone X,Electronics,1,0.1,585.0,420,165.0
O00459,2025-05-03,C0127,West,Consumer,P007,Monitor 27,Electronics,5,0,1400,900,500
O00460,2025-02-06,C0136,North,Corporate,P004,Standing Desk,Furniture,8,0.2,1984.0,1520,464.0
O00461,2025-10-19,C0108,East,Small Business,P006,Backpack,Accessories,3,0.15,127.5,75,52.5
O00462,2025-01-09,C0151,North,Consumer,P003,Office Chair,Furniture,8,0,1440,880,560
O00463,2025-01-31,C0243,West,Small Business,P005,Smartphone X,Electronics,4,0,2600,1680,920
O00464,2025-12-26,C0103,North,Small Business,P005,Smartphone X,Electronics,7,0.15,3867.5,2940,927.5
O00465,2025-06-08,C0021,South,Consumer,P003,Office Chair,Furniture,5,0,900,550,350
O00466,2025-11-21,C0196,North,Corporate,P006,Backpack,Accessories,7,0.2,280.0,175,105.0
O00467,2025-05-06,C0023,West,Consumer,P007,Monitor 27,Electronics,4,0,1120,720,400
O00468,2025-12-08,C0190,South,Consumer,P008,Desk Lamp,Furniture,1,0.1,36.0,22,14.0
O00469,2025-03-25,C0128,East,Small Business,P001,Laptop Pro 14,Electronics,3,0,3600,2550,1050
O00470,2025-03-06,C0192,East,Small Business,P005,Smartphone X,Electronics,3,0.1,1755.0,1260,495.0
O00471,2025-08-08,C0070,North,Corporate,P002,Wireless Headphones,Electronics,1,0.1,85.5,55,30.5
O00472,2025-09-19,C0093,North,Corporate,P002,Wireless Headphones,Electronics,8,0.15,646.0,440,206.0
O00473,2025-05-11,C0198,North,Small Business,P003,Office Chair,Furniture,6,0.05,1026.0,660,366.0
O00474,2025-01-02,C0012,North,Consumer,P002,Wireless Headphones,Electronics,4,0.2,304.0,220,84.0
O00475,2025-07-16,C0236,South,Consumer,P001,Laptop Pro 14,Electronics,8,0.1,8640.0,6800,1840.0
O00476,2025-06-14,C0064,West,Small Business,P001,Laptop Pro 14,Electronics,7,0.05,7980.0,5950,2030.0
O00477,2025-10-20,C0096,North,Small Business,P006,Backpack,Accessories,5,0,250,125,125
O00478,2025-09-22,C0012,West,Consumer,P001,Laptop Pro 14,Electronics,3,0.05,3420.0,2550,870.0
O00479,2025-06-17,C0023,West,Consumer,P008,Desk Lamp,Furniture,5,0.1,180.0,110,70.0
O00480,2025-10-16,C0201,East,Small Business,P006,Backpack,Accessories,4,0.1,180.0,100,80.0
O00481,2025-10-30,C0249,West,Consumer,P004,Standing Desk,Furniture,8,0.1,2232.0,1520,712.0
O00482,2025-07-29,C0007,South,Small Business,P004,Standing Desk,Furniture,3,0,930,570,360
O00483,2025-01-01,C0195,West,Small Business,P006,Backpack,Accessories,1,0.1,45.0,25,20.0
O00484,2025-09-29,C0061,West,Corporate,P005,Smartphone X,Electronics,2,0.05,1235.0,840,395.0
O00485,2025-02-17,C0012,South,Small Business,P001,Laptop Pro 14,Electronics,3,0.1,3240.0,2550,690.0
O00486,2025-02-13,C0149,North,Small Business,P007,Monitor 27,Electronics,6,0.15,1428.0,1080,348.0
O00487,2025-10-31,C0146,North,Corporate,P003,Office Chair,Furniture,7,0,1260,770,490
O00488,2025-05-14,C0218,East,Corporate,P003,Office Chair,Furniture,4,0.1,648.0,440,208.0
O00489,2025-05-20,C0060,North,Consumer,P006,Backpack,Accessories,6,0.15,255.0,150,105.0
O00490,2025-02-24,C0043,West,Corporate,P003,Office Chair,Furniture,2,0.05,342.0,220,122.0
O00491,2025-10-02,C0092,South,Corporate,P006,Backpack,Accessories,7,0,350,175,175
O00492,2025-03-03,C0024,South,Small Business,P005,Smartphone X,Electronics,8,0.1,4680.0,3360,1320.0
O00493,2025-06-17,C0038,North,Small Business,P005,Smartphone X,Electronics,1,0.05,617.5,420,197.5
O00494,2025-09-20,C0013,East,Corporate,P004,Standing Desk,Furniture,6,0.15,1581.0,1140,441.0
O00495,2025-08-20,C0143,South,Consumer,P003,Office Chair,Furniture,1,0.15,153.0,110,43.0
O00496,2025-03-04,C0004,North,Consumer,P008,Desk Lamp,Furniture,2,0.05,76.0,44,32.0
O00497,2025-07-10,C0176,North,Small Business,P003,Office Chair,Furniture,4,0.15,612.0,440,172.0
O00498,2025-02-03,C0051,West,Consumer,P005,Smartphone X,Electronics,2,0,1300,840,460
O00499,2025-01-22,C0242,West,Consumer,P002,Wireless Headphones,Electronics,6,0,570,330,240
O00500,2025-09-12,C0008,West,Small Business,P003,Office Chair,Furniture,7,0.15,1071.0,770,301.0
O00501,2025-04-20,C0233,South,Corporate,P007,Monitor 27,Electronics,3,0.1,756.0,540,216.0
O00502,2025-01-18,C0158,South,Small Business,P005,Smartphone X,Electronics,8,0.05,4940.0,3360,1580.0
O00503,2025-10-09,C0123,North,Consumer,P005,Smartphone X,Electronics,8,0.15,4420.0,3360,1060.0
O00504,2025-08-03,C0052,South,Small Business,P005,Smartphone X,Electronics,7,0.05,4322.5,2940,1382.5
O00505,2025-09-03,C0140,West,Corporate,P001,Laptop Pro 14,Electronics,7,0.1,7560.0,5950,1610.0
O00506,2025-04-03,C0007,East,Small Business,P006,Backpack,Accessories,7,0.1,315.0,175,140.0
O00507,2025-01-30,C0208,West,Small Business,P004,Standing Desk,Furniture,1,0.1,279.0,190,89.0
O00508,2025-02-21,C0064,South,Corporate,P006,Backpack,Accessories,4,0.05,190.0,100,90.0
O00509,2025-07-18,C0091,South,Consumer,P001,Laptop Pro 14,Electronics,4,0.2,3840.0,3400,440.0
O00510,2025-10-30,C0008,East,Small Business,P004,Standing Desk,Furniture,6,0.1,1674.0,1140,534.0
O00511,2025-10-05,C0080,South,Corporate,P003,Office Chair,Furniture,4,0.15,612.0,440,172.0
O00512,2025-04-30,C0155,South,Consumer,P001,Laptop Pro 14,Electronics,2,0,2400,1700,700
O00513,2025-11-11,C0052,South,Corporate,P008,Desk Lamp,Furniture,1,0.1,36.0,22,14.0
O00514,2025-01-12,C0038,South,Consumer,P003,Office Chair,Furniture,6,0,1080,660,420
O00515,2025-12-27,C0242,West,Small Business,P006,Backpack,Accessories,2,0.1,90.0,50,40.0
O00516,2025-06-15,C0035,South,Small Business,P002,Wireless Headphones,Electronics,6,0.1,513.0,330,183.0
O00517,2025-03-31,C0182,East,Consumer,P007,Monitor 27,Electronics,8,0.1,2016.0,1440,576.0
O00518,2025-12-19,C0076,South,Consumer,P003,Office Chair,Furniture,7,0.1,1134.0,770,364.0
O00519,2025-01-17,C0047,East,Small Business,P001,Laptop Pro 14,Electronics,7,0.2,6720.0,5950,770.0
O00520,2025-03-14,C0085,North,Consumer,P004,Standing Desk,Furniture,2,0.15,527.0,380,147.0
O00521,2025-11-22,C0227,North,Small Business,P006,Backpack,Accessories,6,0.05,285.0,150,135.0
O00522,2025-05-16,C0054,South,Small Business,P006,Backpack,Accessories,8,0,400,200,200
O00523,2025-02-25,C0185,North,Consumer,P002,Wireless Headphones,Electronics,6,0.1,513.0,330,183.0
O00524,2025-03-27,C0227,West,Corporate,P007,Monitor 27,Electronics,8,0.15,1904.0,1440,464.0
O00525,2025-07-12,C0026,West,Small Business,P007,Monitor 27,Electronics,6,0.2,1344.0,1080,264.0
O00526,2025-02-07,C0205,North,Corporate,P004,Standing Desk,Furniture,3,0.15,790.5,570,220.5
O00527,2025-02-23,C0019,East,Consumer,P001,Laptop Pro 14,Electronics,6,0.1,6480.0,5100,1380.0
O00528,2025-10-08,C0242,North,Corporate,P007,Monitor 27,Electronics,3,0,840,540,300
O00529,2025-12-01,C0043,West,Consumer,P008,Desk Lamp,Furniture,1,0.15,34.0,22,12.0
O00530,2025-04-16,C0250,South,Corporate,P001,Laptop Pro 14,Electronics,2,0.1,2160.0,1700,460.0
O00531,2025-05-02,C0025,North,Corporate,P005,Smartphone X,Electronics,5,0.1,2925.0,2100,825.0
O00532,2025-07-04,C0001,West,Consumer,P008,Desk Lamp,Furniture,3,0,120,66,54
O00533,2025-02-19,C0007,South,Consumer,P005,Smartphone X,Electronics,8,0.05,4940.0,3360,1580.0
O00534,2025-03-01,C0079,West,Corporate,P005,Smartphone X,Electronics,2,0.15,1105.0,840,265.0
O00535,2025-11-25,C0140,West,Consumer,P008,Desk Lamp,Furniture,5,0,200,110,90
O00536,2025-04-06,C0115,North,Corporate,P006,Backpack,Accessories,7,0.1,315.0,175,140.0
O00537,2025-04-26,C0215,East,Small Business,P008,Desk Lamp,Furniture,8,0.1,288.0,176,112.0
O00538,2025-02-13,C0172,East,Small Business,P001,Laptop Pro 14,Electronics,3,0,3600,2550,1050
O00539,2025-02-01,C0216,West,Small Business,P007,Monitor 27,Electronics,4,0.2,896.0,720,176.0
O00540,2025-05-01,C0122,East,Consumer,P007,Monitor 27,Electronics,8,0.2,1792.0,1440,352.0
O00541,2025-10-20,C0231,South,Consumer,P007,Monitor 27,Electronics,1,0.2,224.0,180,44.0
O00542,2025-04-19,C0207,South,Consumer,P008,Desk Lamp,Furniture,3,0.05,114.0,66,48.0
O00543,2025-12-16,C0112,South,Small Business,P001,Laptop Pro 14,Electronics,7,0,8400,5950,2450
O00544,2025-02-04,C0023,West,Small Business,P003,Office Chair,Furniture,5,0.1,810.0,550,260.0
O00545,2025-09-24,C0118,North,Small Business,P007,Monitor 27,Electronics,6,0.1,1512.0,1080,432.0
O00546,2025-03-18,C0038,North,Consumer,P007,Monitor 27,Electronics,2,0.15,476.0,360,116.0
O00547,2025-06-26,C0225,West,Corporate,P002,Wireless Headphones,Electronics,5,0.2,380.0,275,105.0
O00548,2025-11-08,C0122,North,Consumer,P007,Monitor 27,Electronics,8,0.2,1792.0,1440,352.0
O00549,2025-11-13,C0156,West,Consumer,P005,Smartphone X,Electronics,7,0.05,4322.5,2940,1382.5
O00550,2025-01-26,C0191,West,Corporate,P007,Monitor 27,Electronics,6,0.05,1596.0,1080,516.0
O00551,2025-06-05,C0080,East,Corporate,P006,Backpack,Accessories,1,0.1,45.0,25,20.0
O00552,2025-06-03,C0250,West,Corporate,P002,Wireless Headphones,Electronics,4,0.05,361.0,220,141.0
O00553,2025-11-27,C0023,South,Corporate,P005,Smartphone X,Electronics,7,0.2,3640.0,2940,700.0
O00554,2025-09-22,C0223,East,Consumer,P004,Standing Desk,Furniture,7,0.15,1844.5,1330,514.5
O00555,2025-12-30,C0130,West,Consumer,P003,Office Chair,Furniture,2,0.1,324.0,220,104.0
O00556,2025-04-13,C0215,North,Consumer,P001,Laptop Pro 14,Electronics,3,0.05,3420.0,2550,870.0
O00557,2025-07-04,C0181,South,Corporate,P001,Laptop Pro 14,Electronics,8,0,9600,6800,2800
O00558,2025-07-23,C0163,North,Small Business,P006,Backpack,Accessories,8,0.2,320.0,200,120.0
O00559,2025-09-08,C0153,West,Consumer,P001,Laptop Pro 14,Electronics,4,0.1,4320.0,3400,920.0
O00560,2025-03-25,C0215,East,Small Business,P008,Desk Lamp,Furniture,6,0.1,216.0,132,84.0
O00561,2025-07-17,C0013,South,Small Business,P002,Wireless Headphones,Electronics,5,0,475,275,200
O00562,2025-12-13,C0053,East,Small Business,P004,Standing Desk,Furniture,4,0.05,1178.0,760,418.0
O00563,2025-08-31,C0234,South,Small Business,P007,Monitor 27,Electronics,1,0,280,180,100
O00564,2025-05-10,C0156,East,Small Business,P003,Office Chair,Furniture,1,0.05,171.0,110,61.0
O00565,2025-06-28,C0118,East,Consumer,P005,Smartphone X,Electronics,7,0.15,3867.5,2940,927.5
O00566,2025-11-16,C0102,North,Consumer,P008,Desk Lamp,Furniture,5,0.2,160.0,110,50.0
O00567,2025-12-17,C0028,West,Consumer,P006,Backpack,Accessories,5,0.1,225.0,125,100.0
O00568,2025-05-22,C0067,East,Consumer,P006,Backpack,Accessories,5,0.1,225.0,125,100.0
O00569,2025-11-04,C0104,East,Small Business,P003,Office Chair,Furniture,4,0,720,440,280
O00570,2025-06-01,C0067,West,Corporate,P003,Office Chair,Furniture,1,0.15,153.0,110,43.0
O00571,2025-12-29,C0147,South,Corporate,P007,Monitor 27,Electronics,1,0.2,224.0,180,44.0
O00572,2025-09-17,C0077,South,Small Business,P004,Standing Desk,Furniture,8,0.1,2232.0,1520,712.0
O00573,2025-08-30,C0033,East,Small Business,P003,Office Chair,Furniture,5,0,900,550,350
O00574,2025-04-24,C0091,South,Small Business,P003,Office Chair,Furniture,6,0,1080,660,420
O00575,2025-07-10,C0067,East,Corporate,P005,Smartphone X,Electronics,7,0.1,4095.0,2940,1155.0
O00576,2025-11-21,C0150,North,Corporate,P002,Wireless Headphones,Electronics,8,0,760,440,320
O00577,2025-09-29,C0077,West,Consumer,P004,Standing Desk,Furniture,2,0.15,527.0,380,147.0
O00578,2025-06-25,C0105,West,Consumer,P003,Office Chair,Furniture,3,0.05,513.0,330,183.0
O00579,2025-09-07,C0086,South,Corporate,P006,Backpack,Accessories,3,0,150,75,75
O00580,2025-05-21,C0054,South,Small Business,P001,Laptop Pro 14,Electronics,1,0.15,1020.0,850,170.0
O00581,2025-03-08,C0158,West,Small Business,P003,Office Chair,Furniture,8,0,1440,880,560
O00582,2025-09-02,C0099,North,Consumer,P007,Monitor 27,Electronics,7,0.15,1666.0,1260,406.0
O00583,2025-06-14,C0194,South,Consumer,P004,Standing Desk,Furniture,6,0,1860,1140,720
O00584,2025-12-22,C0225,East,Corporate,P001,Laptop Pro 14,Electronics,4,0.05,4560.0,3400,1160.0
O00585,2025-09-15,C0151,East,Consumer,P003,Office Chair,Furniture,2,0.15,306.0,220,86.0
O00586,2025-05-29,C0117,East,Corporate,P002,Wireless Headphones,Electronics,1,0.1,85.5,55,30.5
O00587,2025-07-03,C0193,South,Consumer,P003,Office Chair,Furniture,6,0.15,918.0,660,258.0
O00588,2025-04-25,C0187,South,Consumer,P007,Monitor 27,Electronics,1,0.05,266.0,180,86.0
O00589,2025-07-07,C0183,North,Corporate,P001,Laptop Pro 14,Electronics,3,0,3600,2550,1050
O00590,2025-01-25,C0170,North,Small Business,P005,Smartphone X,Electronics,1,0.2,520.0,420,100.0
O00591,2025-08-02,C0114,West,Consumer,P001,Laptop Pro 14,Electronics,1,0,1200,850,350
O00592,2025-04-16,C0178,North,Corporate,P005,Smartphone X,Electronics,8,0.05,4940.0,3360,1580.0
O00593,2025-05-19,C0160,South,Corporate,P007,Monitor 27,Electronics,2,0.2,448.0,360,88.0
O00594,2025-02-28,C0201,North,Corporate,P002,Wireless Headphones,Electronics,2,0.1,171.0,110,61.0
O00595,2025-09-25,C0250,South,Corporate,P004,Standing Desk,Furniture,4,0.1,1116.0,760,356.0
O00596,2025-01-21,C0141,West,Consumer,P007,Monitor 27,Electronics,5,0.05,1330.0,900,430.0
O00597,2025-01-02,C0004,North,Consumer,P008,Desk Lamp,Furniture,6,0.05,228.0,132,96.0
O00598,2025-09-19,C0020,North,Corporate,P008,Desk Lamp,Furniture,3,0,120,66,54
O00599,2025-05-16,C0119,North,Consumer,P004,Standing Desk,Furniture,8,0.1,2232.0,1520,712.0
O00600,2025-07-04,C0206,East,Corporate,P003,Office Chair,Furniture,1,0.1,162.0,110,52.0
O00601,2025-01-05,C0219,South,Small Business,P002,Wireless Headphones,Electronics,2,0,190,110,80
O00602,2025-08-13,C0245,East,Small Business,P003,Office Chair,Furniture,6,0.1,972.0,660,312.0
O00603,2025-04-04,C0030,West,Corporate,P002,Wireless Headphones,Electronics,6,0.1,513.0,330,183.0
O00604,2025-12-20,C0218,West,Corporate,P008,Desk Lamp,Furniture,5,0.15,170.0,110,60.0
O00605,2025-12-23,C0186,North,Consumer,P003,Office Chair,Furniture,2,0.05,342.0,220,122.0
O00606,2025-09-05,C0206,West,Consumer,P002,Wireless Headphones,Electronics,7,0.2,532.0,385,147.0
O00607,2025-01-15,C0221,South,Corporate,P007,Monitor 27,Electronics,6,0.2,1344.0,1080,264.0
O00608,2025-08-14,C0012,North,Corporate,P008,Desk Lamp,Furniture,2,0.15,68.0,44,24.0
O00609,2025-10-23,C0186,South,Small Business,P006,Backpack,Accessories,1,0.2,40.0,25,15.0
O00610,2025-12-05,C0187,South,Corporate,P006,Backpack,Accessories,2,0.15,85.0,50,35.0
O00611,2025-10-13,C0229,North,Consumer,P006,Backpack,Accessories,7,0.05,332.5,175,157.5
O00612,2025-03-26,C0020,West,Corporate,P003,Office Chair,Furniture,8,0.15,1224.0,880,344.0
O00613,2025-01-26,C0130,South,Small Business,P004,Standing Desk,Furniture,6,0.1,1674.0,1140,534.0
O00614,2025-02-10,C0118,West,Small Business,P007,Monitor 27,Electronics,7,0.05,1862.0,1260,602.0
O00615,2025-08-17,C0081,North,Corporate,P008,Desk Lamp,Furniture,2,0.15,68.0,44,24.0
O00616,2025-07-31,C0010,North,Consumer,P001,Laptop Pro 14,Electronics,2,0.15,2040.0,1700,340.0
O00617,2025-06-24,C0094,North,Consumer,P005,Smartphone X,Electronics,4,0.15,2210.0,1680,530.0
O00618,2025-11-14,C0154,West,Small Business,P008,Desk Lamp,Furniture,6,0.2,192.0,132,60.0
O00619,2025-02-19,C0195,South,Consumer,P006,Backpack,Accessories,8,0,400,200,200
O00620,2025-10-08,C0134,East,Small Business,P006,Backpack,Accessories,6,0.1,270.0,150,120.0
O00621,2025-09-10,C0036,West,Consumer,P002,Wireless Headphones,Electronics,1,0.05,90.25,55,35.25
O00622,2025-03-03,C0239,West,Consumer,P005,Smartphone X,Electronics,4,0.05,2470.0,1680,790.0
O00623,2025-02-25,C0194,West,Consumer,P008,Desk Lamp,Furniture,4,0.1,144.0,88,56.0
O00624,2025-12-04,C0151,South,Corporate,P002,Wireless Headphones,Electronics,8,0.15,646.0,440,206.0
O00625,2025-08-10,C0215,West,Small Business,P001,Laptop Pro 14,Electronics,1,0.2,960.0,850,110.0
O00626,2025-02-23,C0100,East,Small Business,P003,Office Chair,Furniture,3,0.05,513.0,330,183.0
O00627,2025-12-21,C0196,South,Corporate,P007,Monitor 27,Electronics,7,0.2,1568.0,1260,308.0
O00628,2025-08-20,C0207,South,Consumer,P007,Monitor 27,Electronics,6,0.1,1512.0,1080,432.0
O00629,2025-06-10,C0183,South,Consumer,P007,Monitor 27,Electronics,5,0.2,1120.0,900,220.0
O00630,2025-12-11,C0034,South,Small Business,P004,Standing Desk,Furniture,5,0.1,1395.0,950,445.0
O00631,2025-10-15,C0123,West,Small Business,P006,Backpack,Accessories,2,0.1,90.0,50,40.0
O00632,2025-09-25,C0028,North,Corporate,P005,Smartphone X,Electronics,7,0,4550,2940,1610
O00633,2025-04-13,C0069,South,Corporate,P003,Office Chair,Furniture,1,0,180,110,70
O00634,2025-12-20,C0201,East,Consumer,P005,Smartphone X,Electronics,3,0,1950,1260,690
O00635,2025-02-22,C0158,South,Small Business,P001,Laptop Pro 14,Electronics,6,0.15,6120.0,5100,1020.0
O00636,2025-12-23,C0074,North,Corporate,P007,Monitor 27,Electronics,4,0.2,896.0,720,176.0
O00637,2025-10-10,C0014,North,Small Business,P007,Monitor 27,Electronics,7,0.1,1764.0,1260,504.0
O00638,2025-08-15,C0213,South,Small Business,P005,Smartphone X,Electronics,4,0.2,2080.0,1680,400.0
O00639,2025-05-31,C0115,South,Small Business,P006,Backpack,Accessories,4,0.05,190.0,100,90.0
O00640,2025-09-21,C0031,West,Consumer,P002,Wireless Headphones,Electronics,3,0.05,270.75,165,105.75
O00641,2025-05-16,C0034,South,Small Business,P007,Monitor 27,Electronics,5,0.2,1120.0,900,220.0
O00642,2025-08-27,C0182,South,Consumer,P005,Smartphone X,Electronics,1,0.1,585.0,420,165.0
O00643,2025-01-27,C0199,East,Corporate,P003,Office Chair,Furniture,6,0.2,864.0,660,204.0
O00644,2025-09-27,C0057,South,Small Business,P006,Backpack,Accessories,2,0.1,90.0,50,40.0
O00645,2025-10-06,C0138,West,Consumer,P002,Wireless Headphones,Electronics,3,0.15,242.25,165,77.25
O00646,2025-12-06,C0085,East,Corporate,P006,Backpack,Accessories,4,0.05,190.0,100,90.0
O00647,2025-09-29,C0122,North,Consumer,P005,Smartphone X,Electronics,4,0.2,2080.0,1680,400.0
O00648,2025-11-25,C0158,South,Consumer,P006,Backpack,Accessories,8,0.05,380.0,200,180.0
O00649,2025-07-17,C0066,East,Consumer,P006,Backpack,Accessories,7,0,350,175,175
O00650,2025-01-23,C0076,South,Corporate,P006,Backpack,Accessories,8,0.15,340.0,200,140.0
O00651,2025-10-03,C0137,North,Small Business,P002,Wireless Headphones,Electronics,2,0.05,180.5,110,70.5
O00652,2025-12-17,C0109,North,Consumer,P002,Wireless Headphones,Electronics,4,0.05,361.0,220,141.0
O00653,2025-01-13,C0118,East,Consumer,P007,Monitor 27,Electronics,2,0.05,532.0,360,172.0
O00654,2025-04-02,C0204,East,Small Business,P002,Wireless Headphones,Electronics,2,0,190,110,80
O00655,2025-07-28,C0100,West,Small Business,P002,Wireless Headphones,Electronics,4,0.1,342.0,220,122.0
O00656,2025-01-09,C0100,North,Small Business,P007,Monitor 27,Electronics,7,0.1,1764.0,1260,504.0
O00657,2025-01-24,C0180,North,Corporate,P001,Laptop Pro 14,Electronics,2,0.2,1920.0,1700,220.0
O00658,2025-11-07,C0023,East,Corporate,P002,Wireless Headphones,Electronics,5,0.1,427.5,275,152.5
O00659,2025-08-31,C0041,South,Consumer,P007,Monitor 27,Electronics,7,0,1960,1260,700
O00660,2025-06-02,C0174,East,Consumer,P007,Monitor 27,Electronics,5,0.05,1330.0,900,430.0
O00661,2025-01-03,C0147,West,Small Business,P003,Office Chair,Furniture,2,0,360,220,140
O00662,2025-06-26,C0055,West,Small Business,P002,Wireless Headphones,Electronics,5,0.05,451.25,275,176.25
O00663,2025-04-24,C0158,East,Consumer,P003,Office Chair,Furniture,3,0.05,513.0,330,183.0
O00664,2025-01-28,C0218,West,Small Business,P002,Wireless Headphones,Electronics,3,0.2,228.0,165,63.0
O00665,2025-05-09,C0026,South,Small Business,P002,Wireless Headphones,Electronics,5,0,475,275,200
O00666,2025-03-07,C0172,South,Consumer,P008,Desk Lamp,Furniture,6,0.1,216.0,132,84.0
O00667,2025-06-12,C0125,West,Corporate,P005,Smartphone X,Electronics,2,0.05,1235.0,840,395.0
O00668,2025-10-18,C0094,East,Corporate,P005,Smartphone X,Electronics,3,0.2,1560.0,1260,300.0
O00669,2025-05-07,C0202,South,Small Business,P003,Office Chair,Furniture,1,0.1,162.0,110,52.0
O00670,2025-03-10,C0174,East,Corporate,P007,Monitor 27,Electronics,5,0.1,1260.0,900,360.0
O00671,2025-06-06,C0125,North,Consumer,P008,Desk Lamp,Furniture,8,0.1,288.0,176,112.0
O00672,2025-10-03,C0051,East,Small Business,P002,Wireless Headphones,Electronics,5,0.05,451.25,275,176.25
O00673,2025-09-17,C0162,North,Small Business,P002,Wireless Headphones,Electronics,2,0,190,110,80
O00674,2025-10-10,C0067,West,Small Business,P007,Monitor 27,Electronics,4,0,1120,720,400
O00675,2025-04-25,C0229,East,Consumer,P003,Office Chair,Furniture,6,0.15,918.0,660,258.0
O00676,2025-07-06,C0129,North,Small Business,P008,Desk Lamp,Furniture,2,0.15,68.0,44,24.0
O00677,2025-03-13,C0115,South,Consumer,P004,Standing Desk,Furniture,3,0.2,744.0,570,174.0
O00678,2025-01-21,C0057,West,Consumer,P003,Office Chair,Furniture,8,0.1,1296.0,880,416.0
O00679,2025-04-30,C0011,South,Small Business,P002,Wireless Headphones,Electronics,5,0.1,427.5,275,152.5
O00680,2025-08-21,C0226,North,Consumer,P006,Backpack,Accessories,7,0.15,297.5,175,122.5
O00681,2025-11-21,C0213,East,Small Business,P006,Backpack,Accessories,2,0.2,80.0,50,30.0
O00682,2025-12-01,C0097,East,Small Business,P005,Smartphone X,Electronics,3,0.15,1657.5,1260,397.5
O00683,2025-04-25,C0133,West,Corporate,P002,Wireless Headphones,Electronics,5,0.15,403.75,275,128.75
O00684,2025-11-06,C0002,South,Corporate,P006,Backpack,Accessories,8,0.15,340.0,200,140.0
O00685,2025-09-21,C0165,East,Consumer,P003,Office Chair,Furniture,4,0,720,440,280
O00686,2025-07-05,C0155,North,Small Business,P003,Office Chair,Furniture,3,0.05,513.0,330,183.0
O00687,2025-02-28,C0124,West,Corporate,P004,Standing Desk,Furniture,7,0.1,1953.0,1330,623.0
O00688,2025-01-12,C0063,North,Consumer,P004,Standing Desk,Furniture,3,0.15,790.5,570,220.5
O00689,2025-01-21,C0229,South,Consumer,P003,Office Chair,Furniture,3,0.2,432.0,330,102.0
O00690,2025-09-22,C0246,West,Small Business,P003,Office Chair,Furniture,5,0.05,855.0,550,305.0
O00691,2025-04-21,C0115,West,Corporate,P001,Laptop Pro 14,Electronics,5,0,6000,4250,1750
O00692,2025-11-04,C0037,South,Small Business,P003,Office Chair,Furniture,4,0.15,612.0,440,172.0
O00693,2025-08-21,C0153,North,Consumer,P005,Smartphone X,Electronics,3,0.1,1755.0,1260,495.0
O00694,2025-02-25,C0005,South,Small Business,P007,Monitor 27,Electronics,7,0.05,1862.0,1260,602.0
O00695,2025-02-19,C0046,West,Small Business,P007,Monitor 27,Electronics,3,0.2,672.0,540,132.0
O00696,2025-09-04,C0169,South,Small Business,P001,Laptop Pro 14,Electronics,2,0,2400,1700,700
O00697,2025-08-04,C0095,North,Small Business,P001,Laptop Pro 14,Electronics,7,0.2,6720.0,5950,770.0
O00698,2025-07-15,C0090,North,Corporate,P007,Monitor 27,Electronics,4,0.15,952.0,720,232.0
O00699,2025-04-30,C0233,North,Corporate,P003,Office Chair,Furniture,5,0.15,765.0,550,215.0
O00700,2025-01-03,C0182,North,Small Business,P007,Monitor 27,Electronics,5,0.05,1330.0,900,430.0
O00701,2025-12-02,C0053,East,Corporate,P002,Wireless Headphones,Electronics,1,0.15,80.75,55,25.75
O00702,2025-08-07,C0167,East,Corporate,P006,Backpack,Accessories,2,0.05,95.0,50,45.0
O00703,2025-05-22,C0175,West,Consumer,P007,Monitor 27,Electronics,6,0.2,1344.0,1080,264.0
O00704,2025-07-09,C0144,West,Corporate,P007,Monitor 27,Electronics,8,0.05,2128.0,1440,688.0
O00705,2025-03-12,C0219,North,Small Business,P005,Smartphone X,Electronics,6,0.15,3315.0,2520,795.0
O00706,2025-02-21,C0055,West,Corporate,P004,Standing Desk,Furniture,8,0.05,2356.0,1520,836.0
O00707,2025-11-22,C0002,North,Consumer,P001,Laptop Pro 14,Electronics,3,0.15,3060.0,2550,510.0
O00708,2025-02-02,C0068,South,Corporate,P008,Desk Lamp,Furniture,7,0,280,154,126
O00709,2025-07-25,C0158,East,Small Business,P002,Wireless Headphones,Electronics,1,0.15,80.75,55,25.75
O00710,2025-08-13,C0003,South,Small Business,P001,Laptop Pro 14,Electronics,3,0.15,3060.0,2550,510.0
O00711,2025-11-03,C0131,South,Small Business,P005,Smartphone X,Electronics,4,0,2600,1680,920
O00712,2025-05-03,C0168,North,Consumer,P003,Office Chair,Furniture,1,0.1,162.0,110,52.0
O00713,2025-06-30,C0172,West,Corporate,P002,Wireless Headphones,Electronics,5,0.15,403.75,275,128.75
O00714,2025-02-16,C0141,East,Small Business,P004,Standing Desk,Furniture,1,0,310,190,120
O00715,2025-04-26,C0156,South,Corporate,P006,Backpack,Accessories,6,0.1,270.0,150,120.0
O00716,2025-03-31,C0105,North,Small Business,P007,Monitor 27,Electronics,1,0.1,252.0,180,72.0
O00717,2025-03-01,C0206,East,Small Business,P002,Wireless Headphones,Electronics,5,0.1,427.5,275,152.5
O00718,2025-10-16,C0124,South,Corporate,P005,Smartphone X,Electronics,8,0.15,4420.0,3360,1060.0
O00719,2025-01-15,C0124,North,Corporate,P008,Desk Lamp,Furniture,8,0.2,256.0,176,80.0
O00720,2025-12-13,C0180,South,Corporate,P002,Wireless Headphones,Electronics,7,0.05,631.75,385,246.75
O00721,2025-10-02,C0003,East,Consumer,P007,Monitor 27,Electronics,6,0.2,1344.0,1080,264.0
O00722,2025-12-11,C0192,East,Consumer,P005,Smartphone X,Electronics,2,0.15,1105.0,840,265.0
O00723,2025-07-01,C0056,East,Consumer,P003,Office Chair,Furniture,8,0.1,1296.0,880,416.0
O00724,2025-05-01,C0189,South,Corporate,P004,Standing Desk,Furniture,8,0.05,2356.0,1520,836.0
O00725,2025-05-08,C0215,East,Consumer,P004,Standing Desk,Furniture,4,0.05,1178.0,760,418.0
O00726,2025-12-13,C0245,West,Small Business,P002,Wireless Headphones,Electronics,2,0,190,110,80
O00727,2025-07-10,C0159,East,Corporate,P001,Laptop Pro 14,Electronics,1,0.15,1020.0,850,170.0
O00728,2025-09-19,C0072,West,Consumer,P005,Smartphone X,Electronics,8,0.05,4940.0,3360,1580.0
O00729,2025-08-05,C0123,North,Small Business,P003,Office Chair,Furniture,1,0.2,144.0,110,34.0
O00730,2025-08-23,C0250,North,Small Business,P006,Backpack,Accessories,7,0.05,332.5,175,157.5
O00731,2025-01-07,C0173,South,Corporate,P008,Desk Lamp,Furniture,6,0,240,132,108
O00732,2025-11-10,C0221,East,Consumer,P002,Wireless Headphones,Electronics,6,0.1,513.0,330,183.0
O00733,2025-08-30,C0246,East,Corporate,P005,Smartphone X,Electronics,4,0.1,2340.0,1680,660.0
O00734,2025-04-18,C0108,East,Corporate,P003,Office Chair,Furniture,8,0.15,1224.0,880,344.0
O00735,2025-04-03,C0147,South,Small Business,P007,Monitor 27,Electronics,5,0.15,1190.0,900,290.0
O00736,2025-05-01,C0143,West,Corporate,P004,Standing Desk,Furniture,2,0.1,558.0,380,178.0
O00737,2025-08-31,C0207,North,Consumer,P004,Standing Desk,Furniture,3,0.05,883.5,570,313.5
O00738,2025-11-19,C0133,East,Corporate,P007,Monitor 27,Electronics,8,0.05,2128.0,1440,688.0
O00739,2025-10-18,C0013,West,Consumer,P005,Smartphone X,Electronics,5,0.2,2600.0,2100,500.0
O00740,2025-05-11,C0122,North,Corporate,P003,Office Chair,Furniture,1,0.05,171.0,110,61.0
O00741,2025-07-04,C0144,East,Corporate,P006,Backpack,Accessories,5,0.1,225.0,125,100.0
O00742,2025-06-29,C0223,South,Small Business,P001,Laptop Pro 14,Electronics,7,0,8400,5950,2450
O00743,2025-06-16,C0173,West,Small Business,P003,Office Chair,Furniture,5,0.1,810.0,550,260.0
O00744,2025-11-11,C0074,West,Small Business,P008,Desk Lamp,Furniture,2,0.15,68.0,44,24.0
O00745,2025-08-04,C0162,West,Consumer,P003,Office Chair,Furniture,3,0.1,486.0,330,156.0
O00746,2025-04-27,C0081,East,Small Business,P002,Wireless Headphones,Electronics,3,0.1,256.5,165,91.5
O00747,2025-11-27,C0102,East,Corporate,P005,Smartphone X,Electronics,5,0.2,2600.0,2100,500.0
O00748,2025-03-27,C0048,North,Consumer,P006,Backpack,Accessories,8,0.15,340.0,200,140.0
O00749,2025-04-18,C0043,West,Consumer,P004,Standing Desk,Furniture,5,0,1550,950,600
O00750,2025-10-08,C0014,North,Corporate,P002,Wireless Headphones,Electronics,2,0.15,161.5,110,51.5
O00751,2025-11-13,C0040,North,Small Business,P002,Wireless Headphones,Electronics,2,0.1,171.0,110,61.0
O00752,2025-05-07,C0189,East,Corporate,P007,Monitor 27,Electronics,5,0.05,1330.0,900,430.0
O00753,2025-03-29,C0008,North,Small Business,P003,Office Chair,Furniture,3,0.2,432.0,330,102.0
O00754,2025-08-28,C0250,East,Small Business,P006,Backpack,Accessories,6,0.15,255.0,150,105.0
O00755,2025-04-01,C0152,West,Small Business,P008,Desk Lamp,Furniture,3,0.2,96.0,66,30.0
O00756,2025-09-04,C0139,South,Consumer,P007,Monitor 27,Electronics,5,0.1,1260.0,900,360.0
O00757,2025-07-31,C0067,South,Corporate,P008,Desk Lamp,Furniture,5,0.1,180.0,110,70.0
O00758,2025-03-11,C0089,East,Corporate,P001,Laptop Pro 14,Electronics,1,0.2,960.0,850,110.0
O00759,2025-06-03,C0003,West,Corporate,P001,Laptop Pro 14,Electronics,8,0.15,8160.0,6800,1360.0
O00760,2025-07-11,C0049,West,Small Business,P004,Standing Desk,Furniture,1,0.2,248.0,190,58.0
O00761,2025-03-25,C0184,West,Corporate,P007,Monitor 27,Electronics,7,0.05,1862.0,1260,602.0
O00762,2025-08-05,C0161,South,Small Business,P004,Standing Desk,Furniture,5,0,1550,950,600
O00763,2025-05-18,C0106,South,Consumer,P005,Smartphone X,Electronics,5,0.2,2600.0,2100,500.0
O00764,2025-02-26,C0164,West,Small Business,P003,Office Chair,Furniture,3,0.1,486.0,330,156.0
O00765,2025-09-09,C0049,East,Consumer,P008,Desk Lamp,Furniture,5,0.2,160.0,110,50.0
O00766,2025-01-12,C0048,North,Corporate,P003,Office Chair,Furniture,1,0.2,144.0,110,34.0
O00767,2025-01-05,C0060,North,Consumer,P005,Smartphone X,Electronics,3,0.15,1657.5,1260,397.5
O00768,2025-06-25,C0108,East,Corporate,P001,Laptop Pro 14,Electronics,8,0.05,9120.0,6800,2320.0
O00769,2025-06-19,C0021,South,Consumer,P006,Backpack,Accessories,8,0,400,200,200
O00770,2025-10-06,C0121,South,Consumer,P005,Smartphone X,Electronics,7,0,4550,2940,1610
O00771,2025-03-04,C0250,South,Corporate,P005,Smartphone X,Electronics,7,0,4550,2940,1610
O00772,2025-04-12,C0118,North,Small Business,P008,Desk Lamp,Furniture,4,0,160,88,72
O00773,2025-12-15,C0247,East,Corporate,P004,Standing Desk,Furniture,8,0.15,2108.0,1520,588.0
O00774,2025-09-24,C0032,East,Corporate,P003,Office Chair,Furniture,1,0.2,144.0,110,34.0
O00775,2025-01-27,C0222,South,Consumer,P005,Smartphone X,Electronics,4,0.1,2340.0,1680,660.0
O00776,2025-01-08,C0043,East,Small Business,P004,Standing Desk,Furniture,7,0.1,1953.0,1330,623.0
O00777,2025-01-05,C0249,North,Small Business,P002,Wireless Headphones,Electronics,7,0.05,631.75,385,246.75
O00778,2025-02-15,C0064,South,Corporate,P008,Desk Lamp,Furniture,3,0.1,108.0,66,42.0
O00779,2025-01-31,C0092,South,Small Business,P002,Wireless Headphones,Electronics,6,0,570,330,240
O00780,2025-04-30,C0082,East,Corporate,P002,Wireless Headphones,Electronics,3,0.15,242.25,165,77.25
O00781,2025-07-03,C0186,South,Corporate,P004,Standing Desk,Furniture,1,0.15,263.5,190,73.5
O00782,2025-10-14,C0076,West,Consumer,P001,Laptop Pro 14,Electronics,8,0.15,8160.0,6800,1360.0
O00783,2025-08-28,C0071,South,Consumer,P003,Office Chair,Furniture,6,0.1,972.0,660,312.0
O00784,2025-05-15,C0139,East,Corporate,P003,Office Chair,Furniture,8,0.1,1296.0,880,416.0
O00785,2025-01-10,C0159,East,Small Business,P001,Laptop Pro 14,Electronics,7,0.05,7980.0,5950,2030.0
O00786,2025-12-04,C0248,West,Consumer,P004,Standing Desk,Furniture,6,0,1860,1140,720
O00787,2025-05-25,C0083,West,Small Business,P008,Desk Lamp,Furniture,3,0.2,96.0,66,30.0
O00788,2025-09-25,C0169,North,Consumer,P006,Backpack,Accessories,2,0,100,50,50
O00789,2025-04-14,C0028,West,Consumer,P003,Office Chair,Furniture,3,0,540,330,210
O00790,2025-11-25,C0215,West,Small Business,P002,Wireless Headphones,Electronics,1,0.2,76.0,55,21.0
O00791,2025-07-07,C0057,North,Consumer,P008,Desk Lamp,Furniture,5,0,200,110,90
O00792,2025-08-28,C0206,North,Corporate,P004,Standing Desk,Furniture,8,0,2480,1520,960
O00793,2025-11-12,C0069,North,Small Business,P007,Monitor 27,Electronics,6,0,1680,1080,600
O00794,2025-04-21,C0246,North,Consumer,P002,Wireless Headphones,Electronics,5,0,475,275,200
O00795,2025-04-09,C0135,South,Small Business,P004,Standing Desk,Furniture,7,0.05,2061.5,1330,731.5
O00796,2025-11-23,C0148,East,Small Business,P003,Office Chair,Furniture,7,0,1260,770,490
O00797,2025-03-27,C0203,South,Small Business,P008,Desk Lamp,Furniture,7,0,280,154,126
O00798,2025-10-01,C0154,West,Corporate,P007,Monitor 27,Electronics,6,0.05,1596.0,1080,516.0
O00799,2025-07-31,C0196,West,Small Business,P006,Backpack,Accessories,6,0.1,270.0,150,120.0
O00800,2025-10-07,C0055,West,Small Business,P006,Backpack,Accessories,4,0.2,160.0,100,60.0
O00801,2025-08-18,C0246,West,Consumer,P005,Smartphone X,Electronics,6,0.15,3315.0,2520,795.0
O00802,2025-01-09,C0133,South,Corporate,P001,Laptop Pro 14,Electronics,5,0.2,4800.0,4250,550.0
O00803,2025-04-20,C0220,East,Consumer,P001,Laptop Pro 14,Electronics,5,0.05,5700.0,4250,1450.0
O00804,2025-01-20,C0118,East,Consumer,P005,Smartphone X,Electronics,3,0,1950,1260,690
O00805,2025-10-26,C0064,South,Corporate,P003,Office Chair,Furniture,5,0.1,810.0,550,260.0
O00806,2025-07-24,C0146,South,Small Business,P005,Smartphone X,Electronics,2,0.2,1040.0,840,200.0
O00807,2025-03-30,C0125,North,Small Business,P002,Wireless Headphones,Electronics,6,0.15,484.5,330,154.5
O00808,2025-07-15,C0021,North,Corporate,P005,Smartphone X,Electronics,1,0.2,520.0,420,100.0
O00809,2025-03-03,C0223,South,Small Business,P006,Backpack,Accessories,7,0.15,297.5,175,122.5
O00810,2025-06-06,C0135,North,Corporate,P001,Laptop Pro 14,Electronics,7,0,8400,5950,2450
O00811,2025-12-24,C0057,South,Consumer,P003,Office Chair,Furniture,6,0.2,864.0,660,204.0
O00812,2025-10-22,C0130,North,Consumer,P007,Monitor 27,Electronics,8,0.2,1792.0,1440,352.0
O00813,2025-03-17,C0034,East,Consumer,P007,Monitor 27,Electronics,5,0.15,1190.0,900,290.0
O00814,2025-07-24,C0068,North,Corporate,P008,Desk Lamp,Furniture,1,0.2,32.0,22,10.0
O00815,2025-09-04,C0144,South,Corporate,P007,Monitor 27,Electronics,3,0.05,798.0,540,258.0
O00816,2025-11-12,C0189,South,Consumer,P007,Monitor 27,Electronics,4,0.2,896.0,720,176.0
O00817,2025-06-15,C0176,North,Consumer,P002,Wireless Headphones,Electronics,5,0.15,403.75,275,128.75
O00818,2025-06-28,C0049,East,Corporate,P007,Monitor 27,Electronics,7,0.1,1764.0,1260,504.0
O00819,2025-06-29,C0158,West,Small Business,P001,Laptop Pro 14,Electronics,5,0.05,5700.0,4250,1450.0
O00820,2025-04-30,C0052,East,Consumer,P003,Office Chair,Furniture,8,0,1440,880,560
O00821,2025-05-05,C0243,South,Corporate,P002,Wireless Headphones,Electronics,2,0,190,110,80
O00822,2025-06-06,C0116,West,Consumer,P001,Laptop Pro 14,Electronics,6,0,7200,5100,2100
O00823,2025-04-19,C0053,East,Small Business,P006,Backpack,Accessories,4,0.2,160.0,100,60.0
O00824,2025-07-12,C0150,North,Corporate,P008,Desk Lamp,Furniture,3,0,120,66,54
O00825,2025-04-13,C0203,East,Consumer,P003,Office Chair,Furniture,1,0.1,162.0,110,52.0
O00826,2025-07-18,C0170,East,Small Business,P008,Desk Lamp,Furniture,1,0,40,22,18
O00827,2025-05-30,C0223,West,Consumer,P006,Backpack,Accessories,2,0,100,50,50
O00828,2025-09-06,C0222,North,Consumer,P007,Monitor 27,Electronics,2,0.1,504.0,360,144.0
O00829,2025-12-31,C0006,North,Consumer,P004,Standing Desk,Furniture,8,0.2,1984.0,1520,464.0
O00830,2025-07-21,C0191,South,Consumer,P005,Smartphone X,Electronics,6,0.15,3315.0,2520,795.0
O00831,2025-11-17,C0078,South,Small Business,P006,Backpack,Accessories,6,0.1,270.0,150,120.0
O00832,2025-07-18,C0228,North,Small Business,P005,Smartphone X,Electronics,1,0.1,585.0,420,165.0
O00833,2025-06-24,C0230,West,Small Business,P005,Smartphone X,Electronics,4,0.05,2470.0,1680,790.0
O00834,2025-09-24,C0246,South,Corporate,P003,Office Chair,Furniture,2,0.15,306.0,220,86.0
O00835,2025-06-09,C0233,East,Corporate,P004,Standing Desk,Furniture,3,0.15,790.5,570,220.5
O00836,2025-10-25,C0139,South,Consumer,P003,Office Chair,Furniture,4,0.05,684.0,440,244.0
O00837,2025-03-16,C0168,South,Corporate,P005,Smartphone X,Electronics,3,0.15,1657.5,1260,397.5
O00838,2025-06-12,C0215,South,Small Business,P002,Wireless Headphones,Electronics,2,0.05,180.5,110,70.5
O00839,2025-07-30,C0078,West,Small Business,P001,Laptop Pro 14,Electronics,6,0.15,6120.0,5100,1020.0
O00840,2025-02-24,C0034,South,Consumer,P005,Smartphone X,Electronics,3,0.05,1852.5,1260,592.5
O00841,2025-04-29,C0060,North,Corporate,P005,Smartphone X,Electronics,4,0.2,2080.0,1680,400.0
O00842,2025-09-15,C0217,West,Small Business,P002,Wireless Headphones,Electronics,8,0.05,722.0,440,282.0
O00843,2025-09-09,C0122,South,Consumer,P006,Backpack,Accessories,3,0.15,127.5,75,52.5
O00844,2025-07-29,C0196,North,Corporate,P004,Standing Desk,Furniture,4,0,1240,760,480
O00845,2025-04-15,C0017,South,Corporate,P007,Monitor 27,Electronics,4,0.05,1064.0,720,344.0
O00846,2025-05-07,C0110,West,Consumer,P008,Desk Lamp,Furniture,6,0.15,204.0,132,72.0
O00847,2025-11-10,C0241,North,Small Business,P007,Monitor 27,Electronics,6,0.15,1428.0,1080,348.0
O00848,2025-01-22,C0225,South,Small Business,P002,Wireless Headphones,Electronics,8,0.15,646.0,440,206.0
O00849,2025-07-18,C0133,North,Consumer,P007,Monitor 27,Electronics,1,0.2,224.0,180,44.0
O00850,2025-06-05,C0199,East,Corporate,P005,Smartphone X,Electronics,8,0.15,4420.0,3360,1060.0
O00851,2025-11-10,C0236,North,Small Business,P003,Office Chair,Furniture,7,0.1,1134.0,770,364.0
O00852,2025-02-16,C0185,North,Consumer,P003,Office Chair,Furniture,8,0.15,1224.0,880,344.0
O00853,2025-06-15,C0116,North,Consumer,P003,Office Chair,Furniture,7,0.15,1071.0,770,301.0
O00854,2025-02-16,C0065,East,Small Business,P008,Desk Lamp,Furniture,4,0.15,136.0,88,48.0
O00855,2025-02-28,C0181,West,Small Business,P003,Office Chair,Furniture,2,0,360,220,140
O00856,2025-12-29,C0099,South,Corporate,P006,Backpack,Accessories,2,0.2,80.0,50,30.0
O00857,2025-06-21,C0145,South,Consumer,P007,Monitor 27,Electronics,1,0.05,266.0,180,86.0
O00858,2025-08-03,C0079,East,Small Business,P003,Office Chair,Furniture,3,0,540,330,210
O00859,2025-03-02,C0231,South,Consumer,P008,Desk Lamp,Furniture,5,0.05,190.0,110,80.0
O00860,2025-08-23,C0128,West,Small Business,P001,Laptop Pro 14,Electronics,5,0,6000,4250,1750
O00861,2025-04-22,C0151,West,Corporate,P001,Laptop Pro 14,Electronics,8,0.05,9120.0,6800,2320.0
O00862,2025-11-04,C0154,North,Consumer,P007,Monitor 27,Electronics,8,0,2240,1440,800
O00863,2025-04-05,C0038,North,Small Business,P005,Smartphone X,Electronics,4,0,2600,1680,920
O00864,2025-01-17,C0171,East,Corporate,P006,Backpack,Accessories,1,0.05,47.5,25,22.5
O00865,2025-08-02,C0046,South,Small Business,P002,Wireless Headphones,Electronics,1,0,95,55,40
O00866,2025-10-24,C0093,North,Consumer,P005,Smartphone X,Electronics,3,0.15,1657.5,1260,397.5
O00867,2025-07-14,C0210,North,Corporate,P005,Smartphone X,Electronics,6,0.1,3510.0,2520,990.0
O00868,2025-03-10,C0032,East,Corporate,P002,Wireless Headphones,Electronics,5,0.15,403.75,275,128.75
O00869,2025-11-10,C0015,North,Small Business,P007,Monitor 27,Electronics,4,0.05,1064.0,720,344.0
O00870,2025-12-28,C0074,West,Small Business,P002,Wireless Headphones,Electronics,8,0.2,608.0,440,168.0
O00871,2025-10-22,C0160,East,Consumer,P006,Backpack,Accessories,5,0.2,200.0,125,75.0
O00872,2025-04-03,C0227,South,Small Business,P008,Desk Lamp,Furniture,8,0.15,272.0,176,96.0
O00873,2025-03-02,C0007,West,Small Business,P005,Smartphone X,Electronics,4,0,2600,1680,920
O00874,2025-08-01,C0106,North,Corporate,P002,Wireless Headphones,Electronics,4,0.2,304.0,220,84.0
O00875,2025-11-24,C0052,East,Corporate,P006,Backpack,Accessories,4,0,200,100,100
O00876,2025-09-17,C0141,East,Consumer,P002,Wireless Headphones,Electronics,5,0.1,427.5,275,152.5
O00877,2025-07-22,C0186,North,Consumer,P002,Wireless Headphones,Electronics,6,0.1,513.0,330,183.0
O00878,2025-12-11,C0123,West,Consumer,P004,Standing Desk,Furniture,6,0.1,1674.0,1140,534.0
O00879,2025-11-18,C0118,East,Corporate,P003,Office Chair,Furniture,8,0.05,1368.0,880,488.0
O00880,2025-06-03,C0145,East,Small Business,P007,Monitor 27,Electronics,1,0.2,224.0,180,44.0
O00881,2025-12-17,C0085,East,Consumer,P001,Laptop Pro 14,Electronics,4,0.2,3840.0,3400,440.0
O00882,2025-06-23,C0097,South,Small Business,P003,Office Chair,Furniture,5,0,900,550,350
O00883,2025-03-01,C0222,East,Small Business,P007,Monitor 27,Electronics,3,0.2,672.0,540,132.0
O00884,2025-07-31,C0023,West,Consumer,P006,Backpack,Accessories,1,0.1,45.0,25,20.0
O00885,2025-04-21,C0135,East,Consumer,P006,Backpack,Accessories,8,0.1,360.0,200,160.0
O00886,2025-04-14,C0234,North,Corporate,P002,Wireless Headphones,Electronics,6,0,570,330,240
O00887,2025-03-20,C0049,East,Corporate,P001,Laptop Pro 14,Electronics,8,0.2,7680.0,6800,880.0
O00888,2025-02-20,C0211,South,Consumer,P005,Smartphone X,Electronics,6,0.05,3705.0,2520,1185.0
O00889,2025-09-25,C0030,North,Corporate,P001,Laptop Pro 14,Electronics,8,0.15,8160.0,6800,1360.0
O00890,2025-08-28,C0228,North,Consumer,P001,Laptop Pro 14,Electronics,2,0.1,2160.0,1700,460.0
O00891,2025-06-09,C0164,South,Corporate,P005,Smartphone X,Electronics,1,0.2,520.0,420,100.0
O00892,2025-05-22,C0137,East,Corporate,P004,Standing Desk,Furniture,4,0.1,1116.0,760,356.0
O00893,2025-03-22,C0071,North,Consumer,P002,Wireless Headphones,Electronics,5,0.05,451.25,275,176.25
O00894,2025-06-29,C0141,East,Corporate,P002,Wireless Headphones,Electronics,4,0.2,304.0,220,84.0
O00895,2025-05-06,C0044,North,Corporate,P003,Office Chair,Furniture,5,0.2,720.0,550,170.0
O00896,2025-03-08,C0008,West,Small Business,P006,Backpack,Accessories,8,0,400,200,200
O00897,2025-01-28,C0023,West,Corporate,P001,Laptop Pro 14,Electronics,2,0.15,2040.0,1700,340.0
O00898,2025-07-02,C0080,East,Consumer,P003,Office Chair,Furniture,8,0.2,1152.0,880,272.0
O00899,2025-03-09,C0024,West,Consumer,P002,Wireless Headphones,Electronics,8,0.2,608.0,440,168.0
O00900,2025-08-29,C0060,South,Consumer,P008,Desk Lamp,Furniture,5,0.15,170.0,110,60.0
O00901,2025-04-04,C0180,East,Corporate,P005,Smartphone X,Electronics,6,0.15,3315.0,2520,795.0
O00902,2025-02-03,C0122,North,Corporate,P008,Desk Lamp,Furniture,8,0,320,176,144
O00903,2025-05-25,C0197,East,Small Business,P008,Desk Lamp,Furniture,8,0.05,304.0,176,128.0
O00904,2025-02-24,C0084,North,Corporate,P003,Office Chair,Furniture,2,0.15,306.0,220,86.0
O00905,2025-07-31,C0062,South,Small Business,P008,Desk Lamp,Furniture,7,0.2,224.0,154,70.0
O00906,2025-02-03,C0088,South,Small Business,P003,Office Chair,Furniture,8,0.15,1224.0,880,344.0
O00907,2025-06-25,C0140,South,Consumer,P007,Monitor 27,Electronics,7,0.2,1568.0,1260,308.0
O00908,2025-10-31,C0153,West,Corporate,P002,Wireless Headphones,Electronics,8,0,760,440,320
O00909,2025-06-07,C0245,West,Consumer,P002,Wireless Headphones,Electronics,8,0.05,722.0,440,282.0
O00910,2025-09-11,C0166,North,Consumer,P002,Wireless Headphones,Electronics,7,0.1,598.5,385,213.5
O00911,2025-11-22,C0208,North,Consumer,P004,Standing Desk,Furniture,3,0.2,744.0,570,174.0
O00912,2025-05-30,C0100,West,Consumer,P003,Office Chair,Furniture,8,0.2,1152.0,880,272.0
O00913,2025-10-19,C0204,East,Corporate,P004,Standing Desk,Furniture,6,0.1,1674.0,1140,534.0
O00914,2025-01-05,C0157,West,Consumer,P006,Backpack,Accessories,2,0.2,80.0,50,30.0
O00915,2025-10-09,C0248,North,Consumer,P005,Smartphone X,Electronics,1,0.1,585.0,420,165.0
O00916,2025-01-16,C0061,West,Small Business,P006,Backpack,Accessories,2,0.1,90.0,50,40.0
O00917,2025-07-27,C0098,West,Small Business,P007,Monitor 27,Electronics,6,0.15,1428.0,1080,348.0
O00918,2025-03-13,C0049,West,Corporate,P004,Standing Desk,Furniture,3,0.15,790.5,570,220.5
O00919,2025-12-10,C0033,South,Consumer,P007,Monitor 27,Electronics,3,0.1,756.0,540,216.0
O00920,2025-09-07,C0169,West,Consumer,P002,Wireless Headphones,Electronics,1,0.05,90.25,55,35.25
O00921,2025-08-22,C0229,West,Small Business,P002,Wireless Headphones,Electronics,3,0.15,242.25,165,77.25
O00922,2025-08-06,C0142,West,Corporate,P003,Office Chair,Furniture,8,0.2,1152.0,880,272.0
O00923,2025-08-06,C0155,North,Small Business,P006,Backpack,Accessories,4,0.05,190.0,100,90.0
O00924,2025-05-18,C0106,East,Consumer,P008,Desk Lamp,Furniture,4,0.2,128.0,88,40.0
O00925,2025-02-27,C0149,West,Small Business,P001,Laptop Pro 14,Electronics,8,0.1,8640.0,6800,1840.0
O00926,2025-05-24,C0120,North,Small Business,P002,Wireless Headphones,Electronics,3,0.2,228.0,165,63.0
O00927,2025-11-19,C0190,North,Small Business,P002,Wireless Headphones,Electronics,4,0.15,323.0,220,103.0
O00928,2025-10-01,C0200,North,Corporate,P005,Smartphone X,Electronics,1,0.1,585.0,420,165.0
O00929,2025-06-19,C0108,East,Corporate,P008,Desk Lamp,Furniture,8,0.2,256.0,176,80.0
O00930,2025-12-22,C0237,East,Small Business,P005,Smartphone X,Electronics,3,0,1950,1260,690
O00931,2025-10-24,C0044,North,Small Business,P005,Smartphone X,Electronics,1,0.15,552.5,420,132.5
O00932,2025-09-06,C0022,South,Small Business,P005,Smartphone X,Electronics,1,0.1,585.0,420,165.0
O00933,2025-03-09,C0158,East,Corporate,P002,Wireless Headphones,Electronics,5,0.1,427.5,275,152.5
O00934,2025-11-06,C0045,South,Small Business,P005,Smartphone X,Electronics,1,0,650,420,230
O00935,2025-05-14,C0201,South,Corporate,P008,Desk Lamp,Furniture,6,0.05,228.0,132,96.0
O00936,2025-02-13,C0248,South,Small Business,P003,Office Chair,Furniture,1,0.1,162.0,110,52.0
O00937,2025-07-16,C0061,West,Small Business,P003,Office Chair,Furniture,8,0.15,1224.0,880,344.0
O00938,2025-06-26,C0014,East,Consumer,P003,Office Chair,Furniture,4,0.2,576.0,440,136.0
O00939,2025-07-24,C0122,East,Corporate,P001,Laptop Pro 14,Electronics,3,0.15,3060.0,2550,510.0
O00940,2025-08-31,C0068,South,Small Business,P004,Standing Desk,Furniture,7,0.15,1844.5,1330,514.5
O00941,2025-08-18,C0098,East,Small Business,P007,Monitor 27,Electronics,1,0.1,252.0,180,72.0
O00942,2025-11-23,C0091,West,Small Business,P001,Laptop Pro 14,Electronics,2,0.2,1920.0,1700,220.0
O00943,2025-05-17,C0206,North,Corporate,P005,Smartphone X,Electronics,6,0.1,3510.0,2520,990.0
O00944,2025-12-11,C0151,South,Small Business,P007,Monitor 27,Electronics,8,0.05,2128.0,1440,688.0
O00945,2025-10-08,C0003,North,Consumer,P006,Backpack,Accessories,3,0.1,135.0,75,60.0
O00946,2025-09-26,C0027,West,Corporate,P001,Laptop Pro 14,Electronics,7,0,8400,5950,2450
O00947,2025-04-09,C0009,North,Small Business,P004,Standing Desk,Furniture,5,0.1,1395.0,950,445.0
O00948,2025-12-03,C0229,South,Small Business,P002,Wireless Headphones,Electronics,1,0.2,76.0,55,21.0
O00949,2025-11-06,C0034,West,Small Business,P002,Wireless Headphones,Electronics,2,0,190,110,80
O00950,2025-05-10,C0076,West,Small Business,P003,Office Chair,Furniture,2,0.05,342.0,220,122.0
O00951,2025-08-07,C0178,East,Corporate,P002,Wireless Headphones,Electronics,8,0.1,684.0,440,244.0
O00952,2025-02-01,C0098,West,Corporate,P003,Office Chair,Furniture,2,0.1,324.0,220,104.0
O00953,2025-04-02,C0113,North,Corporate,P001,Laptop Pro 14,Electronics,5,0.1,5400.0,4250,1150.0
O00954,2025-11-27,C0126,North,Consumer,P004,Standing Desk,Furniture,7,0.05,2061.5,1330,731.5
O00955,2025-11-26,C0028,West,Small Business,P007,Monitor 27,Electronics,4,0.2,896.0,720,176.0
O00956,2025-02-07,C0019,East,Corporate,P005,Smartphone X,Electronics,2,0,1300,840,460
O00957,2025-12-01,C0164,North,Consumer,P001,Laptop Pro 14,Electronics,8,0.05,9120.0,6800,2320.0
O00958,2025-12-25,C0085,West,Small Business,P007,Monitor 27,Electronics,5,0.05,1330.0,900,430.0
O00959,2025-08-12,C0104,North,Small Business,P001,Laptop Pro 14,Electronics,8,0.15,8160.0,6800,1360.0
O00960,2025-12-19,C0210,West,Consumer,P004,Standing Desk,Furniture,1,0.15,263.5,190,73.5
O00961,2025-07-25,C0015,North,Corporate,P006,Backpack,Accessories,6,0.1,270.0,150,120.0
O00962,2025-05-29,C0166,South,Consumer,P006,Backpack,Accessories,2,0.15,85.0,50,35.0
O00963,2025-06-03,C0179,West,Consumer,P001,Laptop Pro 14,Electronics,7,0.05,7980.0,5950,2030.0
O00964,2025-11-20,C0113,South,Consumer,P006,Backpack,Accessories,8,0,400,200,200
O00965,2025-10-31,C0062,West,Corporate,P001,Laptop Pro 14,Electronics,4,0,4800,3400,1400
O00966,2025-10-01,C0248,West,Consumer,P002,Wireless Headphones,Electronics,5,0.15,403.75,275,128.75
O00967,2025-06-22,C0202,North,Corporate,P001,Laptop Pro 14,Electronics,6,0,7200,5100,2100
O00968,2025-08-23,C0241,South,Small Business,P002,Wireless Headphones,Electronics,4,0.2,304.0,220,84.0
O00969,2025-03-14,C0126,North,Corporate,P004,Standing Desk,Furniture,2,0,620,380,240
O00970,2025-01-08,C0045,North,Corporate,P001,Laptop Pro 14,Electronics,4,0.05,4560.0,3400,1160.0
O00971,2025-03-29,C0214,North,Consumer,P002,Wireless Headphones,Electronics,8,0.2,608.0,440,168.0
O00972,2025-11-12,C0057,North,Consumer,P002,Wireless Headphones,Electronics,8,0.2,608.0,440,168.0
O00973,2025-06-16,C0031,South,Corporate,P007,Monitor 27,Electronics,6,0.15,1428.0,1080,348.0
O00974,2025-03-30,C0086,North,Consumer,P004,Standing Desk,Furniture,1,0.2,248.0,190,58.0
O00975,2025-03-28,C0179,East,Small Business,P005,Smartphone X,Electronics,3,0.15,1657.5,1260,397.5
O00976,2025-10-25,C0011,South,Consumer,P003,Office Chair,Furniture,8,0.05,1368.0,880,488.0
O00977,2025-09-07,C0021,North,Consumer,P007,Monitor 27,Electronics,3,0,840,540,300
O00978,2025-05-26,C0107,West,Small Business,P003,Office Chair,Furniture,2,0.2,288.0,220,68.0
O00979,2025-11-24,C0070,West,Corporate,P003,Office Chair,Furniture,4,0.05,684.0,440,244.0
O00980,2025-12-21,C0010,South,Small Business,P004,Standing Desk,Furniture,3,0.2,744.0,570,174.0
O00981,2025-06-28,C0108,North,Small Business,P008,Desk Lamp,Furniture,2,0.1,72.0,44,28.0
O00982,2025-09-29,C0025,East,Small Business,P004,Standing Desk,Furniture,4,0,1240,760,480
O00983,2025-05-22,C0014,South,Consumer,P004,Standing Desk,Furniture,8,0.05,2356.0,1520,836.0
O00984,2025-04-01,C0041,North,Consumer,P003,Office Chair,Furniture,8,0.15,1224.0,880,344.0
O00985,2025-08-11,C0065,East,Small Business,P006,Backpack,Accessories,5,0.05,237.5,125,112.5
O00986,2025-01-27,C0237,South,Consumer,P008,Desk Lamp,Furniture,1,0,40,22,18
O00987,2025-03-01,C0019,South,Small Business,P001,Laptop Pro 14,Electronics,8,0.2,7680.0,6800,880.0
O00988,2025-04-12,C0192,East,Consumer,P008,Desk Lamp,Furniture,6,0.15,204.0,132,72.0
O00989,2025-02-20,C0061,West,Consumer,P002,Wireless Headphones,Electronics,6,0.05,541.5,330,211.5
O00990,2025-08-30,C0150,West,Consumer,P007,Monitor 27,Electronics,4,0,1120,720,400
O00991,2025-11-09,C0117,South,Corporate,P007,Monitor 27,Electronics,3,0.05,798.0,540,258.0
O00992,2025-04-10,C0162,East,Corporate,P006,Backpack,Accessories,3,0.15,127.5,75,52.5
O00993,2025-01-17,C0178,North,Corporate,P004,Standing Desk,Furniture,6,0.05,1767.0,1140,627.0
O00994,2025-08-23,C0108,South,Corporate,P003,Office Chair,Furniture,2,0.15,306.0,220,86.0
O00995,2025-03-22,C0203,South,Small Business,P004,Standing Desk,Furniture,5,0.2,1240.0,950,290.0
O00996,2025-09-25,C0126,South,Small Business,P004,Standing Desk,Furniture,2,0.15,527.0,380,147.0
O00997,2025-01-08,C0187,West,Small Business,P008,Desk Lamp,Furniture,8,0.1,288.0,176,112.0
O00998,2025-08-11,C0149,South,Small Business,P004,Standing Desk,Furniture,4,0.1,1116.0,760,356.0
O00999,2025-01-23,C0011,West,Small Business,P003,Office Chair,Furniture,1,0.15,153.0,110,43.0
O01000,2025-07-21,C0123,North,Corporate,P001,Laptop Pro 14,Electronics,7,0.2,6720.0,5950,770.0
